STOCK MOLDES TROQUEL,,,,,STOCK MOLDES TROQUEL FARMACEUTICO,,,,,STOCK MOLDES TROQUEL INDUSTRIAL,,,,,STOCK MOLDES INNPACK CORRUGADO,,,,,
NP / MOLDE,CLIENTE,RACK,PERFIL,,NP / MOLDE,CLIENTE,RACK,PERFIL,,NP / MOLDE,CLIENTE,RACK,PERFIL,,NP / MOLDE,CLIENTE,RACK,OBSERVACIONES,PERFIL,
5004,FIBROSONOCO,1,,,11114,PETRIZZIO,1,,,17589,MULTI X,1,,,17000,OLIVER EXPORT,A,COMPLETO,,
5255,FIBROSONOCO,1,,,18157,PETRIZZIO,1,,,15145,JUAN BAS,1,,,16736,C Y L,A,FALTA MOLDE,,
39,FIBROSONOCO,1,,,M000052,PETRIZZIO,A-1,MOLDE ARREGLO EN EL FLAT,,17979,DOS EN UNO,2,,,15342,EXP BLOSSOM,A,COMPLETO TIRO / RETIRO P27,,
6028,FIBROSONOCO,1,,,10957,QUILLAYES,2,,,18240,CAFE DO BRASIL,3,,,17229,MEYER,A,COMPLETO,,
1974,FIBROSONOCO,1,,,15872,DENTAID,3,,,19586,JOHNSON & JOHNSON,3,,,17029,YUCAY,A,COMPLETO,,
2454,FIBROSONOCO,1,,,11661,DENTAID,3,,,18476,CAFE DO BRASIL,3,,,16730,MONFRUT,A,COMPLETO,,
4192,FIBROSONOCO,1,,,11662,DENTAID,3,,,19434,DRAKE,4,,,18367,SAN ANDRES,A,COMPLETO,,
5251,FIBROSONOCO,1,,,14151,MICAS,4,,,17782,JUAN BAS,4,,,18278,OLIVAR,A,FALTA SUPERIOR,,
3568,FIBROSONOCO,1,,,16259,MICAS,4,,,18521,RECALCINE,4,,,M000284 / 19753,LLAHUEN,A,FALTAN DESCAJES,P006978,
6118,FIBROSONOCO,1,,,11652,MICAS,4,,,14683,JUAN BAS,5,,,19665,SAN ANDRES,A,COMPLETO,,
802,FIBROSONOCO,1,,,15857,DOS EN UNO,40,,,17110,DOLE,5,,,18487,CHISA,B,COMPLETO,,
2414,FIBROSONOCO,1,,,12297,AGOR,40,,,16104,DOS EN UNO,5,,,15826,DOLE,B,FALTA HEMBRA,,
8465,FIBROSONOCO,1,,,17761,UNILEVER,39,,,18118,UNILEVER,6,,,15592,CERASUS,B,FALTA SUPERIOR,,
2333,FIBROSONOCO,1,,,17118,EQUIPOS MEDICOS,6,,,18153,CAFE DO BRASIL,6,,,16015 / 17082,CERASUS,B,FALTA SUPERIOR,,
2905,FIBROSONOCO,1,,,14756,DRAKE,6,,,M000533,DOLE,6,,,18112,VIÑA LA ROSA,B,COMPLETO,,
2883,FIBROSONOCO,1,,,M000020,AGROSUPER,A-7,P000859,,M000534,DOLE,6,,,19647,YOLO,B,COMPLETO,,
4895,FIBROSONOCO,1,,,0,MOLDE NUEVO CHILE,8,,,M000601,DP ALIMENTOS ,7,,,19858 / M000333,ALSU,B,COMPLETO,,
13167,FIBROSONOCO,1,,,11809,SAVAL,A 8,,,18004,CAROZZI,7,,,19842,INVERSIONES A Y F,B,COMPLETO,,
5004,FIBROSONOCO,1,,,17887,DRAKE,A-8,,,16824,ICB,7,,,20461,ZOETIS,B,COMPLETO,,
2415,FIBROSONOCO,1,,,17966,PETRIZZIO,A 8,,,13889,PAPA JOHNS ,8,,,20239 / M000441,JUAN BAS,B,COMPLETO,P007345,
2511,FIBROSONOCO,1,,,M000013 / 10587,FIBROSONOCO,A 11,-,,17518,CERASUS,8,,,16978,DOLE,C,COMPLETO,,
5003,FIBROSONOCO,1,,,17353,FIBROSONOCO,11,,,18886,ICB,9,,,16910,X SUR,C,COMPLETO / X TIRO,,
3659,FIBROSONOCO,1,,,17357,FIBROSONOCO,10,,,M000032 / 15042,CAROZZI,9,MOLDE DE MARBACH,,17851,CAROZZI,C,COMPLETO,,
13355,FIBROSONOCO,1,,,M000045,FIBROSONOCO,A-9,P006705,,M000684,RESTO MARKET,10,MOLDE DE MARBACH,,19987 / M000373,JUAN BAS,C,COMPLETO,,
750,FIBROSONOCO,1,,,11877,FIBROSONOCO,A-9,,,18992,DRAKE,10,,,19984 / M000372,JUAN BAS,C,COMPLETO,P007050,
4370,FIBROSONOCO,1,,,14769,CHILE,12,,,M000072 / 10187,CAROZZI,11,,,20690 / M000579,PERNOD,C,COMPLETO,,
4092,FIBROSONOCO,1,,,16340,CHILE,12,,,M000080 / 19274,APOSTOLES,11,,,19710 / M000261,BIOSANO,C,COMPLETO,,
4894,FIBROSONOCO,1,,,16232,CAFÉ DO BRASIL,12,,,16247,DP ALIMENTOS ,12,,,17556,HONG SUN EXPORT,D,COMPLETO,,
17353,FIBROSONOCO,1,,,0,MOLDE 1 CHILE,14,,,17508,AXIS LOGISTIC,12,,,17073,CERASUS,D,COMPLETO,,
17726,DESARROLLO FARMACEUTICO,42,,,16336,CAROZZI,15,,,18296,LIBESA,13,,,17346,HONG SUN EXPORT,D,COMPLETO,,
17720,PESQUERA SOUTH WIND,42,,,16257,CAROZZI,A-04 / A-15,P004542,,18441,ICB,13,,,M000661 / 15627,DOLE PRIMORE,D,COMPLETO - PET,,HAY QUE HACER MOLDE
13511,DOS EN UNO,1,,,16851,CAROZZI,15,,,18263,CAFE DO BRASIL,14,,,M000253 / 19689,DOLE,D,COMPLETO,P007310,HAY QUE HACER MOLDE X RETIRO
12050,SERPAC,1,,,10565,DAVIS,16,,,15840,SERPAC,14,,,19120,PERNOD,D,COMPLETO,,
17732,AGROCOMERCE,42,P005473,,1805,DAVIS,16,,,20482,MULTI X,15,,,M000326 / 19847,A FERNANDEZ,D,COMPLETO,P006978,
OT 36667,SAVAL,2,,,16103,DAVIS,16,,,17446,CAROZZI,15,,,19860,ANAKENA,D,COMPLETO,,
8108,SAVAL,2,,,10956,QUILLAYES,17,,,17132,LIBESA,15,,,17288,VIÑA SANTA CAROLINA,E,COMPLETO,,
OT 47371,SAVAL,2,,,373,BAGO,17,,,M000521,JUAN BAS,16,,,17287,VIÑA SANTA CAROLINA,E,COMPLETO,,
7195,SAVAL,2,,,17060,ECOTERRA,18,,,18334,CAROZZI,16,,,13545,NOVAVERDE,E,COMPLETO,,
OT 47514,SAVAL,2,,,17083,CHILE,18,,,M000780,SAN ANDRES,16,,,16946,BIOSANO,E,FALTA HEMBRA,,
OT 47371,SAVAL,2,,,12056,DAVIS,19,,,17018,CAFE DO BRASIL,17,,,18095,CAROZZI,E,COMPLETO,,
1809,SAVAL,2,,,10173,RECALCINE,19,,,14948,CAROZZI,17,,,16124,TIEMPOCAR,E,FALTAN DESGAJES,,
2562,SAVAL,2,,,16677,RECALCINE,19,,,17914,AXIS LOGISTIC,18,,,M000085 / 17373,VIDACELL,E,,,
2495,SAVAL,2,,,15608,BAUZA,20,,,18129,RESTO MARKET (MESA REB.),18,,,18255,TRUMAO ( HAY 2 MOLDES ),E,COMPLETO,,
2427,SAVAL,2,,,13321,CAROZZI,20,,,12141,AG SERVICIOS,19,,,19972,ID LOGISTIC,E,COMPLETO,,
13102,SAVAL,2,,,15613,CHILE,21,,,17927,FARET,19,,,18329,EXPORTADORA EL CISNE,F,COMPLETO,,
4697,SAVAL,2,,,16705,7,21,,,17818,RESTO MARKET (PEQUEÑO),19,,,16723,CANTABRIA,F,FALTA SUPERIOR,,
10975,SAVAL,2,,,12838,PERNOD,22,,,13637,VITAFOOD,20,,,13363,VIU MANENT,F,COMPLETO,,
15238,SAVAL,2,,,18044,UNILEVER,22,,,M000677,INTEGRA,21,,,10851,VIU MANENT,F,COMPLETO,,
13165,SAVAL,2,,,14340,UNILEVER,23,,,M000157,PESQUERA TRANST.,21,,,16999,PRUNESCO,F,COMPLETO,,
5027,SAVAL,2,,,16322,UNILEVER,23,,,17610,PESQUERA TRANST.,21,,,16603,CARNE ÑUBLE,F,COMPLETO,,
10463,SAVAL,2,,,14333,DIAGEO,24,,,M000220,INTEGRA,22,,,17563,ZOETIS,F,COMPLETO,,
13160,SAVAL,2,,,15014,DIAGEO,24,,,M000100,PESQUERA TRANST.,22,,,16649,PERNOT,F,COMPLETO,,
13184,SAVAL,2,,,14467,SALMON,25,,,M000722,DOLE,22,,,18338,EXPORTADORA DEL SUR,F,COMPLETO,,
1920,SAVAL,2,,,16148,SALMON,A-25,P003726,,17820,RESTO MARKET,23,,,18330,COMERCIAL PEUMO,F,COMPLETO,,
1468,SAVAL,2,,,M000217,MULTIX,A-25,P006921,,19085,DP ALIMENTOS ,23,,,M000494 / 13266,BARON PHILLIP,F,COMPLETO,,
1523,SAVAL,2,,,15441,SALMON,26,,,17162,CAROZZI,24,,,17161,TORRE,G,FALTA DESGAJE SUPERIOR,,
1517,SAVAL,2,,,18104,MULTIX,26,,,17672,ID LOGISTICS,24,,,17159,TORRE,G,COMPLETO,,
4284,SAVAL,2,,,16302,DOS EN UNO,27,,,M000089,TRENDY,25,,,17269,LA ROBLERIA,G,COMPLETO,,
4059,SAVAL,2,,,16388,DOS EN UNO,27,,,18067,VITAFOOD,25,,,17135,CAROZZI,G,COMPLETO,,
3721,SAVAL,2,,,17259,SOFTYS,28,,,18217,MULTI X,25,,,16728,CANTABRIA,G,COMPLETO,,
3018,SAVAL,2,,,16749,DRAKE,28,,,18640,DOLE,26,,,16735,BIOSANO,G,COMPLETO,,
1834,SAVAL,2,,,M000186,MIGUEL TORRES,A-29,,,16739,ECKART ALIMENTOS,26,,,14945 / 17182,PESQUERA,G,COMPLETO,,
3933,SAVAL,2,,,M000056,SALMON,A-30,P002710,,19960,CAFE DO BRASIL,27,,,13967,ALIMENTOS ÑUBLE,G,COMPLETO,,
5590,SAVAL,2,,,17808,VITAFOODS,30,,,19342,RESTO MARKET,27,,,13519,NUTRITARIAN,G,COMPLETO,,
14288,SAVAL,2,,,17749,DP ALIMENTOS,31,,,17198,DRAKE,27,,,14408,VICTORIA,G,COMPLETO,,
13552,SAVAL,2,,,17798,CAFÉ DO BRASIL,31,,,M000051 / 19216,APOSTOLES,28,P007214,,18189,LA PESQUERA,G,COMPLETO,,
17559,FAGASE,42,,,10974,KNOP,32,,,M000703 / 21189,RESTO MARKET,28,,,16147,CANTABRIA,H,COMPLETO,,
17793,DUCASSE,43,,,13950,KNOP,A 32,,,18166,SOUTHERN BREWING,29,,,16722,BIOSANO,H,COMPLETO,,
17786,DUCASSE,43,,,9082,KNOP,32,,,17950,SOUTHERN BREWING,29,,,15298,CAROZZI,H,COMPLETO,,
17790,DUCASSE,43,,,11544,SANITAS,33,,,18105,DOLE,30,,,17131,TARAPACA,H,COMPLETO,,
17780,SOUTHERN BREWING COMPANY,42,,,11451,BAGO,33 A,,REPONER MOLDE,18113,VITAFOOD,30,,,16641,PRUNESCO,H,COMPLETO,,
17796,COMPAÑIA CHILENA DE LA FRUTA,42,,,17479,SANITAS,33,,,M000582,ICB,9,,,16876,NOVAVERDE,H,COMPLETO,,
17778,RECALCINE,2,,,16429,BAGO,10,P002473,,M000831 / 21676,MULTI X,18,,,17358,BARON PHILLIP,H,COMPLETO,,
17772,KNOP,42,,,M000007 / 10939,SAVAL,36 A,P002382,,M000536,CAAROZZI,12,,,17374,BARON PHILLIP,H,COMPLETO,,
17730,NOVARTIS,42,,,16263,SAVAL,34,,,,,,,,17375,BARON PHILLIP,H,COMPLETO,,
17725,NOVARTIS,42,,,12746,CAROZZI,35,,,,,,,,17357,EMBOTELLADORAS UNIDAS,H,COMPLETO,,
17704,CAFE DO BRASIL,43,,,15326,CHILEXPRESS,35,,,,,,,,18342,EXPORTADORA EL CISNE,H,COMPLETO,,
17689,PRATER,42,,,16509,CAROZZI,A-34,P002189,,,,,,,17076 / 17075,CERASUS,I,COMPLETO,,
13653,SAVAL,3,,,9602,CAROZZI,34,,,,,,,,16491,AGROPECUARIA,I,COMPLETO,,
3971,SAVAL,3,,,11173,CAROZZI,34,,,,,,,,16697,C Y L ( PERFIL 81 ),I,COMPLETO - PET,,
9798,SAVAL,3,,,15403,PRIMERA PUERTA,37,,,,,,,,16697,C Y L ( PERFIL 81 ) - HAY 2 MOLDES,I,COMPLETO,,
10136,SAVAL,3,,,17212,FAGASE,37,,,,,,,,16013,AISIEN,I,FALTAN DESGAJES,,
12828,SAVAL,3,,,17594,SOUTHWIND,38,,,,,,,,18171,PRUNESCO,I,COMPLETO,,
3315,SAVAL,3,,,17595,SOUTHWIND,38,,,,,,,,18115,EMBOTELLADORAS UNIDAS,I,COMPLETO,,
5861,SAVAL,3,,,18187,LOGISTIC,38,,,,,,,,18293,EMBOTELLADORAS UNIDAS,I,COMPLETO,,
3572,SAVAL,3,,,16186,PETRIZZIO,A-5,,,,,,,,18876,CERASUS,I,COMPLETO,,
6141,SAVAL,3,,,18546,CAROZZI,3 O 27,,,,,,,,18849,OLIVAR,I,COMPLETO,,
10552,SAVAL,3,,,15197,ICB,39,,,,,,,,17784,INNPACK ( MUESTRA ),I,COMPLETO,,
8957,SAVAL,3,,,18253,TECBOL,35,,,,,,,,19833,ANAKENA,I,COMPLETO,,
9133,SAVAL,3,,,19087,SAVAL,7,,,,,,,,19841,INVERSIONES A Y F,I,COMPLETO,,
2001,SAVAL,3,,,18028,SAVAL,A-22,P003367,,,,,,,19970,P Y G,I,COMPLETO,,
17628,PRATER,42,,,16410,LABORATORIO CHILE,13,,,,,,,,19971,P Y G,I,COMPLETO,,
17695,ALIMENTOS VIDA,42,,,16676,RECALCINE,19,,,,,,,,15595,VIU MANENT,I,COMPLETO,,
17678,PRATER,42,P006287,,18105,DAVIS,34,,,,,,,,19762 / M000290,ALSU,I,COMPLETO,,
17728,NOVARTIS,42,,,19127,CAROZZI,15,,,,,,,,12483,BARON PHILLIP,J,COMPLETO,,
17714,GENOMMA,42,,,17888,BIOSANO,39,,,,,,,,12506,BARON PHILLIP,J,COMPLETO,P001603,13272 NO ESTA CON ESTA NP
17680,DRAKE LOGISTIC,43,,,19583,TRENDY,37,,,,,,,,16258,LA ROBLERIA,J,FALTA HEMBRA,,
17669,SAVAL,43,,,17170,AGROSUPER,7,,,,,,,,16154,CANTABRIA,J,FALTA MACHO,,
10964,CHILE,3,,,19150,RECALCINE,5,,,,,,,,16231,VIÑA ARESTI,J,COMPLETO,,
17652,ALIMENTOS,43,,,M000279 / 19084,SAVAL,A-5,,,,,,,,14761,JUAN BAS,J,COMPLETO,,
17673,CHILE,43,,,18731,RECALCINE,24,,,,,,,,17877,ETAL,J,COMPLETO,,
17667,DOLE,43,,,18807,SAVAL,21,,,,,,,,14763,JUAN BAS,J,COMPLETO,,
17623,DAVIS,43,,,18567,PETRIZZIO,20,,,,,,,,12341,BIO-BEE,J,COMPLETO,,
17615,DAVIS,43,,,19153,TECBOL,35,,,,,,,,18256,LA ROBLERIA,J,COMPLETO,,
17647,NOVARTIS,43,,,11461,BAGO,33,,,,,,,,17877,ETAL,J,COMPLETO,,
17591,DAVIS,43,,,M000061 / 18107,MULTI X,30,P003169,,,,,,,16602,CAROZZI,J,COMPLETO,,
17655,PISA,43,,,18613,VIDA SALUDABLE,29,,,,,,,,18451,ALEGRIA FOODS,K,COMPLETO,,
17609,DAVIS,43,,,18597,UNILEVER,29,,,,,,,,18535,AGRICOLA LLAHUEN,K,COMPLETO,,
17606,CAFE DO BRASIL,3,,,17315,CAFE DO BRASIL,31,,,,,,,,18394,AG SERVICIOS,K,COMPLETO,,
17559,FAGASE,3,,,14666,MICAS,4,,,,,,,,18534,VALLE MAULE,K,COMPLETO,,
9365,RECALCINE,4,,,18745,CAROZZI,1B,,,,,,,,18417,COMERCIAL CHILE,K,COMPLETO,,
6271,RECALCINE,4,,,19106,CAROZZI,1B,,,,,,,,18498,EXPORTADORA TALAGANTE,K,COMPLETO,,
2213,RECALCINE,4,,,18527,CAROZZI,1B,,,,,,,,18412,SFC COMERCIAL,K,COMPLETO,,
9960,RECALCINE,4,,,18396,CAROZZI,1B,,,,,,,,18416,DRYFRUIT,K,COMPLETO,,
914,RECALCINE,4,,,18787,CAROZZI,1B,,,,,,,,18601 / M000396,BARON PHILLIP,K,COMPLETO,P007050,
10358,RECALCINE,4,,,18814,DAVIS,2B,,,,,,,,18630,EXPORTADORA CURICO,K,COMPLETO,,
12763,RECALCINE,4,,,18826,DAVIS,2B,,,,,,,,18628,EXPORTADORA CURICO,K,COMPLETO,,
15234,RECALCINE,4,,,18983,DAVIS,2B,,,,,,,,18799,APFRUT,K,COMPLETO,,
7864,RECALCINE,4,,,18795,ICB,2B,,,,,,,,18753,SFC COMERCIAL,K,COMPLETO,,
9236,RECALCINE,4,,,18675,ID LOGISTIC,2B,,,,,,,,18226,AISIEN,L,COMPLETO,,
10519,RECALCINE,4,,,15897,UNILEVER,4B,,,,,,,,18414,SAN FERNANDO,L,COMPLETO,,
708,RECALCINE,4,,,18883,BAGO,4B,,,,,,,,18388,ALM SERVICES,L,COMPLETO,,
7580,RECALCINE,4,,,18612,UNILEVER,4B,,,,,,,,18354,APFRUT,L,COMPLETO,,
10315,RECALCINE,4,,,18467,PETRIZZIO,5B,,,,,,,,18314,BIOSANO,L,COMPLETO,,
10357,RECALCINE,4,,,18755,PETRIZZIO,5B,,,,,,,,18409,ASESORIAS JT,L,COMPLETO,,
5829,RECALCINE,4,,,18727,PETRIZZIO,5B,,,,,,,,18775,SANTA EMMA,L,COMPLETO,P000027,
752,RECALCINE,4,,,M000093,JUAN BASS,5B,P002687,,,,,,,18882,SUPER FRUIT,L,COMPLETO,,
6244,RECALCINE,4,,,18424,DIAGEO,6B,,,,,,,,18854,DAVID DEL CURTO,L,COMPLETO,,
9343,RECALCINE,4,,,17143,DIAGEO,6B,,,,,,,,18925,VIU MANENT,L,COMPLETO,,
7054,RECALCINE,4,,,18783,DIAGEO,6B,,,,,,,,18995,VIU MANENT,L,COMPLETO,,
6491,RECALCINE,4,,,18393,ECOTERRA,7B,,,,,,,,18423,AGRICOLA LLAHUEN,M,COMPLETO,,
7725,RECALCINE,4,,,18729,MULTIX,7B,,,,,,,,18385,SPC COMERCIAL CHILE,M,COMPLETO,,
765,RECALCINE,4,,,18398,PERNOD,8B,,,,,,,,18419,DRYFRUIT,M,COMPLETO,,
7333,RECALCINE,4,,,M000341,PERNOD,8B,P001338,,,,,,,18430,POMPEIA,M,COMPLETO,,
8153,RECALCINE,4,,,18710,DAVIS,8B,,,,,,,,18482,SAN ANDRES,M,COMPLETO,,
9055,RECALCINE,4,,,M000245 / 19676,PERNOD,8B,P007318,,,,,,,18617,CARNE ÑUBLE,M,COMPLETO,,
9462,RECALCINE,4,,,M000194,NOVA VERDE,9B,,,,,,,,19861,DIAZI,M,COMPLETO,,
11008,RECALCINE,4,,,14092,NOVA VERDE,9B,,,,,,,,18897,SAN ANDRES,M,COMPLETO,,
2120,RECALCINE,4,,,18987,DOS EN UNO,9B,,,,,,,,17634,PRUEBAS PERFIL 81 ( X TIRO - RETIRO ),M,COMPLETO,,
17823,NUTRACOM,4,,,M000091 / 15009,JUAN BASS,10B,P002822,SE COLOCO ABAJO DEL RACK,,,,,,20187,C Y L FRUIT,M,COMPLETO,,
17848,NOVARTIS,4,,,18180,JUAN BASS,10B,,,,,,,,20186 / M000428,ALSU,M,COMPLETO,,
17801,FH ENGEL,4,,,M000090,JUAN BASS,10B,P002635,,,,,,,18595,SAN CLEMENTE,N,COMPLETO,,
17827,CHILE,4,,,M000038 / 19097,UNILEVER,10B,,,,,,,,18562,GRUPO METRO,N,COMPLETO,,
17697,CAROZZI,4,,,18669,MULTIX,11B,,REPONER MOLDE,,,,,,18480,SAN FERNANDO,N,COMPLETO,,
2120,RECALCINE,5,,,18656,MULTIX,11B,,,,,,,,18624,AGROEX,N,COMPLETO,,
10087,RECALCINE,5,,,18667,MULTIX,11B,,REVISAR SI ESTA EL MOLDE,,,,,,18599,CURICO,N,COMPLETO,,
13098,RECALCINE,5,,,18652,MULTI X,12B,P000192,,,,,,,18611,PRIZE,N,COMPLETO,,
9634,RECALCINE,5,,,19006,ID LOGISTIC,12B,,,,,,,,18564,RODRIGUEZ Y HERRERA,N,COMPLETO,,
11326,RECALCINE,5,,,18386,SERPAC,12B,,,,,,,,18743,FRUTISIMA,N,COMPLETO,,
13273,RECALCINE,5,,,19396,SANTA ROSA,12B,,,,,,,,18625,AGROEX,N,COMPLETO,,
11090,RECALCINE,5,,,18888,RECALCINE,13B,,,,,,,,19671,ASESORIAS JT,N,COMPLETO,,
11189,RECALCINE,5,,,15021,PERNOD,13B,,,,,,,,18778,AGRICOLA MONFRUT,Ñ,COMPLETO,,
14699,RECALCINE,5,,,13285,RECALCINE,13B,,,,,,,,18683,MACE,Ñ,COMPLETO,,
12342,RECALCINE,5,,,19014,RECALCINE,13B,,,,,,,,18582,PRIZE,Ñ,COMPLETO,,
7054,RECALCINE,5,,,17852,FOTOMAR,14B,,,,,,,,18847,OLIVAR,Ñ,COMPLETO,,
11868,RECALCINE,5,,,14029,NOVA VERDE,9B,,,,,,,,18861,DAVID DEL CURTO,Ñ,COMPLETO,,
11416,RECALCINE,5,,,M000069 / 18577,CAROZZI,28 A,P000930,,,,,,,18965,BIOSANO,Ñ,COMPLETO,,
11958,RECALCINE,5,,,19016,ID LOGISTIC,B 14,,,,,,,,18804,BIOSANO,Ñ,COMPLETO,,
12813,RECALCINE,5,,,18399,PERNOD,B-7 CON DESGAJE,,,,,,,,15589,POMPEIA,Ñ,COMPLETO,,
10223,RECALCINE,5,,,19925,PETRIZZIO,CASILLERO SEPARACION DE POSE,P004344,,,,,,,19563,YOLO ( RETIRO ),Ñ,COMPLETO,,
8113,RECALCINE,5,,,18332,CAROZZI,CASILLERO SEPARACION DE POSE,P005002,,,,,,,19563,YOLO ( X TIRO ),Ñ,COMPLETO,,
11650,RECALCINE,5,,,M000769,VITAFARMA,5-B,,,,,,,,19095,BARON PHILLIP,O,COMPLETO,,
10385,RECALCINE,5,,,M000752,ICB,5-B,,,,,,,,15340,FUHUIDA ECHO FRUIT EXPORT,O,COMPLETO,,
10436,RECALCINE,5,,,M000927,VIÑA LA ROSA (TAPA),6-B,,,,,,,,17251,POMPEIA,O,COMPLETO,,
10733,RECALCINE,5,,,M000928,VIÑA LA ROSA (BASE),6-B,,,,,,,,17759,PRIZE,O,COMPLETO,,
11784,RECALCINE,5,,,M000907,BLIGRAF,6-B,,,,,,,,14948,CAROZZI,O,COMPLETO,,
5727,RECALCINE,5,,,M000967,PETRIZZIO,8-B,,,,,,,,19155,INNPACK  ,O,COMPLETO,,
10006,RECALCINE,5,,,M000363,RESTOMARKET,8-B,,,,,,,,18334,CAROZZI,O,COMPLETO,,
8442,RECALCINE,5,,,M000375,DENTAID,8-B,,,,,,,,19476,ROSE,O,FALTA SUPERIOR,,
10706,RECALCINE,5,,,M000963,DENTAID,8-B,,,,,,,,19521,ROSE,O,FALTA SUPERIOR,,
12949,RECALCINE,5,,,,,,,,,,,,,19475,ROSE,O,FALTA SUPERIOR,,
10890,RECALCINE,5,,,,,,,,,,,,,19548,PINOCHET,O,COMPLETO,,
11188,RECALCINE,5,,,,,,,,,,,,,19504,VICTORIA,O,COMPLETO,,
10853,RECALCINE,5,,,,,,,,,,,,,19625,EL ALAMO,O,SE OCUPA DESGAJE PERFIL 81,,
11447,RECALCINE,6,,,,,,,,,,,,,20226,GOLD ANDA ( HAY 2 MOLDES ),O,COMPLETO,,
9880,RECALCINE,6,,,,,,,,,,,,,20305,MULTI X,O,COMPLETO,,
10160,RECALCINE,6,,,,,,,,,,,,,20304,MULTI X,O,COMPLETO,,
9773,RECALCINE,6,,,,,,,,,,,,,19669,ALM SERVICES,P,COMPLETO,P006597,
11368,RECALCINE,6,,,,,,,,,,,,,20556 / M000535,BIOSANO,P,COMPLETO,,
6367,RECALCINE,6,,,,,,,,,,,,,20542 / M000528,BIOSANO,P,COMPLETO,,
6211,RECALCINE,6,,,,,,,,,,,,,20624 / M000556,ARESTI,P,COMPLETO,,
9814,RECALCINE,6,,,,,,,,,,,,,20609 / M000562,BIOSANO,P,COMPLETO,P007259,
11190,RECALCINE,6,,,,,,,,,,,,,18645,ZOETIS,P,COMPLETO,,
10655,RECALCINE,6,,,,,,,,,,,,,11751,VITAFOODS,P,COMPLETO,,
9804,RECALCINE,6,,,,,,,,,,,,,M000325 / 19853,BIOSANO,P,COMPLETO,,
10443,RECALCINE,6,,,,,,,,,,,,,20320 / M000464,CAROZZI,P,COMPLETO,,
10224,RECALCINE,6,,,,,,,,,,,,,,,,,,
10435,RECALCINE,6,,,,,,,,,,,,,,,,,,
9244,RECALCINE,6,,,,,,,,,,,,,,,,,,
8803,RECALCINE,6,,,,,,,,,,,,,,,,,,
10349,RECALCINE,6,,,,,,,,,,,,,,,,,,
8395,RECALCINE,6,,,,,,,,,,,,,,,,,,
10624,RECALCINE,6,,,,,,,,,,,,,,,,,,
8731,RECALCINE,6,,,,,,,,,,,,,,,,,,
12664,RECALCINE,6,,,,,,,,,,,,,,,,,,
14634,RECALCINE,6,,,,,,,,,,,,,,,,,,
9772,RECALCINE,6,,,,,,,,,,,,,,,,,,
13277,RECALCINE,6,,,,,,,,,,,,,,,,,,
8689,RECALCINE,6,,,,,,,,,,,,,,,,,,
9679,RECALCINE,6,,,,,,,,,,,,,,,,,,
12664,RECALCINE,6,,,,,,,,,,,,,,,,,,
15792,RECALCINE,6,,,,,,,,,,,,,,,,,,
9210,DIAGEO,7,,,,,,,,,,,,,,,,,,
3651,DIAGEO,7,,,,,,,,,,,,,,,,,,
9211,DIAGEO,7,,,,,,,,,,,,,,,,,,
9694,DIAGEO,7,,,,,,,,,,,,,,,,,,
9212,DIAGEO,7,,,,,,,,,,,,,,,,,,
3226,DIAGEO,7,,,,,,,,,,,,,,,,,,
8076,DIAGEO,7,,,,,,,,,,,,,,,,,,
5497,DIAGEO,7,,,,,,,,,,,,,,,,,,
12614,DIAGEO,7,,,,,,,,,,,,,,,,,,
9810,DIAGEO,7,,,,,,,,,,,,,,,,,,
4689,DIAGEO,7,,,,,,,,,,,,,,,,,,
12084,DIAGEO,7,,,,,,,,,,,,,,,,,,
12081,DIAGEO,7,,,,,,,,,,,,,,,,,,
6594,DIAGEO,7,,,,,,,,,,,,,,,,,,
9810,DIAGEO,7,,,,,,,,,,,,,,,,,,
9209,DIAGEO,7,,,,,,,,,,,,,,,,,,
13719,DIAGEO,7,,,,,,,,,,,,,,,,,,
12083,DIAGEO,7,,,,,,,,,,,,,,,,,,
3651,DIAGEO,7,,,,,,,,,,,,,,,,,,
12221,DIAGEO,7,,,,,,,,,,,,,,,,,,
11412,DIAGEO,7,,,,,,,,,,,,,,,,,,
13149,DIAGEO,7,,,,,,,,,,,,,,,,,,
13453,DIAGEO,7,,,,,,,,,,,,,,,,,,
10394,DIAGEO,7,,,,,,,,,,,,,,,,,,
5554,DIAGEO,7,,,,,,,,,,,,,,,,,,
12854,DIAGEO,7,,,,,,,,,,,,,,,,,,
6054,DIAGEO,7,,,,,,,,,,,,,,,,,,
13042,DIAGEO,7,,,,,,,,,,,,,,,,,,
4631,DIAGEO,7,,,,,,,,,,,,,,,,,,
9213,DIAGEO,8,,,,,,,,,,,,,,,,,,
13682,BAGO,8,,,,,,,,,,,,,,,,,,
13120,BAGO,8,,,,,,,,,,,,,,,,,,
10620,BAGO,8,,,,,,,,,,,,,,,,,,
3335,BAGO,8,,,,,,,,,,,,,,,,,,
11858,BAGO,8,,,,,,,,,,,,,,,,,,
14185,BAGO,8,,,,,,,,,,,,,,,,,,
11977,BAGO,8,,,,,,,,,,,,,,,,,,
823,BAGO,8,,,,,,,,,,,,,,,,,,
13772,BAGO,8,,,,,,,,,,,,,,,,,,
11112,BAGO,8,,,,,,,,,,,,,,,,,,
4285,BAGO,8,,,,,,,,,,,,,,,,,,
264,BAGO,8,,,,,,,,,,,,,,,,,,
139,BAGO,8,,,,,,,,,,,,,,,,,,
10937,BAGO,8,,,,,,,,,,,,,,,,,,
8039,BAGO,8,,,,,,,,,,,,,,,,,,
7986,BAGO,8,,,,,,,,,,,,,,,,,,
2487,BAGO,8,,,,,,,,,,,,,,,,,,
4657,BAGO,8,,,,,,,,,,,,,,,,,,
10867,BAGO,8,,,,,,,,,,,,,,,,,,
10109,BAGO,8,,,,,,,,,,,,,,,,,,
9174,BAGO,8,,,,,,,,,,,,,,,,,,
347,BAGO,8,,,,,,,,,,,,,,,,,,
372,BAGO,8,,,,,,,,,,,,,,,,,,
642,BAGO,8,,,,,,,,,,,,,,,,,,
239,BAGO,8,,,,,,,,,,,,,,,,,,
561,BAGO,8,,,,,,,,,,,,,,,,,,
225,BAGO,8,,,,,,,,,,,,,,,,,,
5714,BAGO,8,,,,,,,,,,,,,,,,,,
9712,BAGO,8,,,,,,,,,,,,,,,,,,
1318,PETRIZZIO,9,,,,,,,,,,,,,,,,,,
14311,PETRIZZIO,9,,,,,,,,,,,,,,,,,,
10721,PETRIZZIO,9,,,,,,,,,,,,,,,,,,
13808,PETRIZZIO,9,,,,,,,,,,,,,,,,,,
13696,PETRIZZIO,9,,,,,,,,,,,,,,,,,,
13446,PETRIZZIO,9,,,,,,,,,,,,,,,,,,
13380,PETRIZZIO,9,,,,,,,,,,,,,,,,,,
12958,PETRIZZIO,9,,,,,,,,,,,,,,,,,,
13175,PETRIZZIO,9,,,,,,,,,,,,,,,,,,
8569,PETRIZZIO,9,,,,,,,,,,,,,,,,,,
13174,PETRIZZIO,9,,,,,,,,,,,,,,,,,,
14329,PETRIZZIO,9,,,,,,,,,,,,,,,,,,
13233,PETRIZZIO,9,,,,,,,,,,,,,,,,,,
2600,PETRIZZIO,9,,,,,,,,,,,,,,,,,,
10688,PETRIZZIO,9,,,,,,,,,,,,,,,,,,
11896,PETRIZZIO,9,,,,,,,,,,,,,,,,,,
12312,PETRIZZIO,9,,,,,,,,,,,,,,,,,,
14188,PETRIZZIO,9,,,,,,,,,,,,,,,,,,
13143,PETRIZZIO,9,,,,,,,,,,,,,,,,,,
13143,PETRIZZIO,9,,,,,,,,,,,,,,,,,,
13142,PETRIZZIO,10,,,,,,,,,,,,,,,,,,
10886,PETRIZZIO,10,,,,,,,,,,,,,,,,,,
12283,PETRIZZIO,10,,,,,,,,,,,,,,,,,,
13143,PETRIZZIO,10,,,,,,,,,,,,,,,,,,
12350,PETRIZZIO,10,,,,,,,,,,,,,,,,,,
13234,PETRIZZIO,10,,,,,,,,,,,,,,,,,,
7917,PETRIZZIO,10,,,,,,,,,,,,,,,,,,
12804,PETRIZZIO,10,,,,,,,,,,,,,,,,,,
12266,PETRIZZIO,10,,,,,,,,,,,,,,,,,,
12282,PETRIZZIO,10,,,,,,,,,,,,,,,,,,
12917,PETRIZZIO,10,,,,,,,,,,,,,,,,,,
13558,PETRIZZIO,10,,,,,,,,,,,,,,,,,,
11292,PETRIZZIO,10,,,,,,,,,,,,,,,,,,
12259,PETRIZZIO,10,,,,,,,,,,,,,,,,,,
3525,PETRIZZIO,10,,,,,,,,,,,,,,,,,,
2263,PETRIZZIO,10,,,,,,,,,,,,,,,,,,
2247,PETRIZZIO,10,,,,,,,,,,,,,,,,,,
2765,PETRIZZIO,10,,,,,,,,,,,,,,,,,,
2586,PETRIZZIO,10,,,,,,,,,,,,,,,,,,
6707,PETRIZZIO,10,,,,,,,,,,,,,,,,,,
2598,PETRIZZIO,10,,,,,,,,,,,,,,,,,,
85105,PETRIZZIO,10,,,,,,,,,,,,,,,,,,
8509,PETRIZZIO,10,,,,,,,,,,,,,,,,,,
6463,PETRIZZIO,10,,,,,,,,,,,,,,,,,,
2598,PETRIZZIO,10,,,,,,,,,,,,,,,,,,
4694,PETRIZZIO,10,,,,,,,,,,,,,,,,,,
4292,PETRIZZIO,10,,,,,,,,,,,,,,,,,,
9821,PETRIZZIO,10,,,,,,,,,,,,,,,,,,
8598,PETRIZZIO,10,,,,,,,,,,,,,,,,,,
9822,PETRIZZIO,11,,,,,,,,,,,,,,,,,,
6332,PETRIZZIO,11,,,,,,,,,,,,,,,,,,
1556,PETRIZZIO,11,,,,,,,,,,,,,,,,,,
9836,PETRIZZIO,11,,,,,,,,,,,,,,,,,,
2598 MICA,PETRIZZIO,11,,,,,,,,,,,,,,,,,,
2597,PETRIZZIO,11,,,,,,,,,,,,,,,,,,
2598,PETRIZZIO,11,,,,,,,,,,,,,,,,,,
4324,PETRIZZIO,11,,,,,,,,,,,,,,,,,,
4336,PETRIZZIO,11,,,,,,,,,,,,,,,,,,
1860,PETRIZZIO,11,,,,,,,,,,,,,,,,,,
4012,PETRIZZIO,11,,,,,,,,,,,,,,,,,,
2259,PETRIZZIO,11,,,,,,,,,,,,,,,,,,
3564,PETRIZZIO,11,,,,,,,,,,,,,,,,,,
5302,PETRIZZIO,11,,,,,,,,,,,,,,,,,,
3530,PETRIZZIO,11,,,,,,,,,,,,,,,,,,
9835,PETRIZZIO,11,,,,,,,,,,,,,,,,,,
2875,PETRIZZIO,11,,,,,,,,,,,,,,,,,,
2581,PETRIZZIO,11,,,,,,,,,,,,,,,,,,
7958,PETRIZZIO,11,,,,,,,,,,,,,,,,,,
12263,PETRIZZIO,11,,,,,,,,,,,,,,,,,,
12366,PETRIZZIO,11,,,,,,,,,,,,,,,,,,
11722,PETRIZZIO,11,,,,,,,,,,,,,,,,,,
14887,PETRIZZIO,11,,,,,,,,,,,,,,,,,,
10795,PETRIZZIO,11,,,,,,,,,,,,,,,,,,
11774,PETRIZZIO,11,,,,,,,,,,,,,,,,,,
15344,PETRIZZIO,11,,,,,,,,,,,,,,,,,,
8198,PETRIZZIO,11,,,,,,,,,,,,,,,,,,
3329,PETRIZZIO,11,,,,,,,,,,,,,,,,,,
3328,PETRIZZIO,11,,,,,,,,,,,,,,,,,,
1860,PETRIZZIO,11,,,,,,,,,,,,,,,,,,
1860 1 PL,PETRIZZIO,11,,,,,,,,,,,,,,,,,,
2480,PETRIZZIO,11,,,,,,,,,,,,,,,,,,
6130,PETRIZZIO,12,,,,,,,,,,,,,,,,,,
2411,PETRIZZIO,12,,,,,,,,,,,,,,,,,,
8604,PETRIZZIO,12,,,,,,,,,,,,,,,,,,
4989,PETRIZZIO,12,,,,,,,,,,,,,,,,,,
4555,PETRIZZIO,12,,,,,,,,,,,,,,,,,,
9273,PETRIZZIO,12,,,,,,,,,,,,,,,,,,
10337,PETRIZZIO,12,,,,,,,,,,,,,,,,,,
8421,PETRIZZIO,12,,,,,,,,,,,,,,,,,,
6208,PETRIZZIO,12,,,,,,,,,,,,,,,,,,
6037,PETRIZZIO,12,,,,,,,,,,,,,,,,,,
10334,PETRIZZIO,12,,,,,,,,,,,,,,,,,,
46219 OT,PETRIZZIO,12,,,,,,,,,,,,,,,,,,
3642,PETRIZZIO,12,,,,,,,,,,,,,,,,,,
8835,PETRIZZIO,12,,,,,,,,,,,,,,,,,,
8514,PETRIZZIO,12,,,,,,,,,,,,,,,,,,
3815,PETRIZZIO,12,,,,,,,,,,,,,,,,,,
43861 OT,PETRIZZIO,12,,,,,,,,,,,,,,,,,,
4011,PETRIZZIO,12,,,,,,,,,,,,,,,,,,
9826,PETRIZZIO,12,,,,,,,,,,,,,,,,,,
5881,PETRIZZIO,12,,,,,,,,,,,,,,,,,,
9890,PETRIZZIO,12,,,,,,,,,,,,,,,,,,
9890 VENTANA,PETRIZZIO,12,,,,,,,,,,,,,,,,,,
6664,PETRIZZIO,12,,,,,,,,,,,,,,,,,,
9560,PETRIZZIO,12,,,,,,,,,,,,,,,,,,
8611,PETRIZZIO,12,,,,,,,,,,,,,,,,,,
10690,PETRIZZIO,12,,,,,,,,,,,,,,,,,,
10377,PETRIZZIO,12,,,,,,,,,,,,,,,,,,
12970,PETRIZZIO,12,,,,,,,,,,,,,,,,,,
13978,PETRIZZIO,12,,,,,,,,,,,,,,,,,,
13805,PETRIZZIO,12,,,,,,,,,,,,,,,,,,
6195,PETRIZZIO,12,,,,,,,,,,,,,,,,,,
1083,VIÑA ODF JELL,13,,,,,,,,,,,,,,,,,,
2233,BAGO,13,,,,,,,,,,,,,,,,,,
10007,NOVA VERDE,13,,,,,,,,,,,,,,,,,,
9756,NOVA VERDE,13,,,,,,,,,,,,,,,,,,
6985,CIA PISQUERA,13,,,,,,,,,,,,,,,,,,
11147,DENTAID,13,,,,,,,,,,,,,,,,,,
12827,TARAPACA ,13,,,,,,,,,,,,,,,,,,
545,ALPE,13,,,,,,,,,,,,,,,,,,
8774,SALMONES MULT X,13,,,,,,,,,,,,,,,,,,
13649,SANTA RITA,13,,,,,,,,,,,,,,,,,,
12532,MICA,13,,,,,,,,,,,,,,,,,,
1265,ELANCO,13,,,,,,,,,,,,,,,,,,
12050,ALIMENTOS AGRO,13,,,,,,,,,,,,,,,,,,
11068,ELANCO,13,,,,,,,,,,,,,,,,,,
4452,CORBAC FOODS,13,,,,,,,,,,,,,,,,,,
14706,FRESENIUS KABI,13,,,,,,,,,,,,,,,,,,
2790,ALPES CHEMIE,13,,,,,,,,,,,,,,,,,,
12036,FRUSAN,13,,,,,,,,,,,,,,,,,,
29105,PHARMAIN,13,,,,,,,,,,,,,,,,,,
12477,SALMONES MULT X,13,,,,,,,,,,,,,,,,,,
1736,VIÑA ODF JELL,13,,,,,,,,,,,,,,,,,,
17340,SOUTH WIND,44,,,,,,,,,,,,,,,,,,
17333,AXIS LOGISTICA,44,,,,,,,,,,,,,,,,,,
17354,NOVARTIS,43,,,,,,,,,,,,,,,,,,
17342,NOVARTIS,44,,,,,,,,,,,,,,,,,,
17242,CANTABRIA,44,,,,,,,,,,,,,,,,,,
17207,SALMONES MULT X,44,,,,,,,,,,,,,,,,,,
17315,CAFE DO BRASIL,43,,,,,,,,,,,,,,,,,,
16835,PERNOD,13,,,,,,,,,,,,,,,,,,
17190,SOUTH WIND,44,,,,,,,,,,,,,,,,,,
17329,NOVARTIS,43,,,,,,,,,,,,,,,,,,
17275,DUCASSE,44,,,,,,,,,,,,,,,,,,
17323,SYNTHON,44,,,,,,,,,,,,,,,,,,
17302,SALMONES MULT X,43,,,,,,,,,,,,,,,,,,
17344,NOVARTIS,44,,,,,,,,,,,,,,,,,,
17345,GADOR,44,,,,,,,,,,,,,,,,,,
17448,BARON PHILLIPE,44,,,,,,,,,,,,,,,,,,
17477,GARDEN,44,,,,,,,,,,,,,,,,,,
17417,BLUNDING,44,,,,,,,,,,,,,,,,,,
17456,GENOMMA,13,,,,,,,,,,,,,,,,,,
8774,SALMONES MULT X,14,,,,,,,,,,,,,,,,,,
17713,KNOP,44,,,,,,,,,,,,,,,,,,
10036,QUILLAYES,14,,,,,,,,,,,,,,,,,,
4753,MICA DIAGEO,14,,,,,,,,,,,,,,,,,,
7440,CIA PISQUERA,14,,,,,,,,,,,,,,,,,,
6381,ELANCO,14,,,,,,,,,,,,,,,,,,
2465,VALDIVIESO,14,,,,,,,,,,,,,,,,,,
7992,ELANCO,14,,,,,,,,,,,,,,,,,,
14972,CHILEXPRESS,14,,,,,,,,,,,,,,,,,,
10966,CIA PISQUERA,14,,,,,,,,,,,,,,,,,,
12642,ODF JELL,14,,,,,,,,,,,,,,,,,,
9834,NOVA VERDE,14,,,,,,,,,,,,,,,,,,
14054,JOHNSON,14,,,,,,,,,,,,,,,,,,
12646,ALPES CHEMIE,14,,,,,,,,,,,,,,,,,,
10888,KNOP,14,,,,,,,,,,,,,,,,,,
3163,SOC EL ROSARIO,14,,,,,,,,,,,,,,,,,,
6330,LABOMED,14,,,,,,,,,,,,,,,,,,
6322,BARON PHILIPP,14,,,,,,,,,,,,,,,,,,
4528,DIAGEO,14,,,,,,,,,,,,,,,,,,
12830,FOSFORO,14,,,,,,,,,,,,,,,,,,
4773,CERVECERIA CHILENA,14,,,,,,,,,,,,,,,,,,
11607,DACCARETT,14,,,,,,,,,,,,,,,,,,
10887,KNOP,14,,,,,,,,,,,,,,,,,,
6576,VIÑA ODF JELL,14,,,,,,,,,,,,,,,,,,
17913,PETRIZZIO,44,,,,,,,,,,,,,,,,,,
17891,GENOMMA,44,,,,,,,,,,,,,,,,,,
2947,NOVARTIS,14,,,,,,,,,,,,,,,,,,
17886,LABOMED,44,,,,,,,,,,,,,,,,,,
17840,GARDEN,44,,,,,,,,,,,,,,,,,,
17861,FARET,44,,,,,,,,,,,,,,,,,,
14124,PERNOD,14,,,,,,,,,,,,,,,,,,
17464,GENOMMA,43,,,,,,,,,,,,,,,,,,
17476,PETRIZZIO,43,,,,,,,,,,,,,,,,,,
17454,VIÑA KOYLE,43,,,,,,,,,,,,,,,,,,
17447,SAVAL,43,,,,,,,,,,,,,,,,,,
17451,SANITAS,43,,,,,,,,,,,,,,,,,,
17412,BLUNDING,43,,,,,,,,,,,,,,,,,,
17441,KNOP,43,,,,,,,,,,,,,,,,,,
17415,CHILE,43,,,,,,,,,,,,,,,,,,
17390,CAFE DO BRASIL,15,,,,,,,,,,,,,,,,,,
17414,FAGASE,43,,,,,,,,,,,,,,,,,,
17384,GENOMMA,43,,,,,,,,,,,,,,,,,,
17285,PETRIZZIO,15,,,,,,,,,,,,,,,,,,
17370,ECOTERRA,43,,,,,,,,,,,,,,,,,,
17376,AXON PHARMA,43,,,,,,,,,,,,,,,,,,
14110,CARNES NUBLE,15,,,,,,,,,,,,,,,,,,
4767,MICA DESA,15,,,,,,,,,,,,,,,,,,
6704,QUILLAYES,15,,,,,,,,,,,,,,,,,,
1623,BAGO,15,,,,,,,,,,,,,,,,,,
10210,DACCARETT,15,,,,,,,,,,,,,,,,,,
8342,BLUNDING,15,,,,,,,,,,,,,,,,,,
12586,CIA PISQUERA,15,,,,,,,,,,,,,,,,,,
13656,AG SERVICIOS,15,,,,,,,,,,,,,,,,,,
6292,CHOCOBLAN,15,,,,,,,,,,,,,,,,,,
14444,SAN PEDRO,15,,,,,,,,,,,,,,,,,,
9002,NOVA VERDE,15,,,,,,,,,,,,,,,,,,
5867,DESA,15,,,,,,,,,,,,,,,,,,
10143,RECALCINE,15,,,,,,,,,,,,,,,,,,
14694,MGF,15,,,,,,,,,,,,,,,,,,
8933,CASAS PATRONALES,15,,,,,,,,,,,,,,,,,,
11795,ALPES CHEMIE,15,,,,,,,,,,,,,,,,,,
11264,BARON PHILIPP,15,,,,,,,,,,,,,,,,,,
6164,ETAL,15,,,,,,,,,,,,,,,,,,
17500,NOVARTIS,43,,,,,,,,,,,,,,,,,,
10596,DAVIS,16,,,,,,,,,,,,,,,,,,
8748,DAVIS,16,,,,,,,,,,,,,,,,,,
10382,DAVIS,16,,,,,,,,,,,,,,,,,,
10608,DAVIS,16,,,,,,,,,,,,,,,,,,
9757,DAVIS,16,,,,,,,,,,,,,,,,,,
9937,DAVIS,16,,,,,,,,,,,,,,,,,,
9768,DAVIS,16,,,,,,,,,,,,,,,,,,
9794,DAVIS,16,,,,,,,,,,,,,,,,,,
12202,DAVIS,16,,,,,,,,,,,,,,,,,,
8763,DAVIS,16,,,,,,,,,,,,,,,,,,
4257,DAVIS,16,,,,,,,,,,,,,,,,,,
14230,DAVIS,16,,,,,,,,,,,,,,,,,,
14223,DAVIS,16,,,,,,,,,,,,,,,,,,
10569,DAVIS,16,,,,,,,,,,,,,,,,,,
10611,DAVIS,16,,,,,,,,,,,,,,,,,,
8923,DAVIS,16,,,,,,,,,,,,,,,,,,
10597,DAVIS,16,,,,,,,,,,,,,,,,,,
11855,DAVIS,16,,,,,,,,,,,,,,,,,,
10542,DAVIS,16,,,,,,,,,,,,,,,,,,
2677,DAVIS,16,,,,,,,,,,,,,,,,,,
2708,DAVIS,16,,,,,,,,,,,,,,,,,,
2313,DAVIS,16,,,,,,,,,,,,,,,,,,
3825,DAVIS,16,,,,,,,,,,,,,,,,,,
3012,DAVIS,16,,,,,,,,,,,,,,,,,,
4246,DAVIS,16,,,,,,,,,,,,,,,,,,
17536,GRANJA VITAL,42,,,,,,,,,,,,,,,,,,
16811,LOGISTICS,42,,,,,,,,,,,,,,,,,,
17552,BIOSANO,42,P003782,,,,,,,,,,,,,,,,,
17514,AXIS LOGISTICA,42,,,,,,,,,,,,,,,,,,
17533,FARET,42,,,,,,,,,,,,,,,,,,
4993,DAVIS,17,,,,,,,,,,,,,,,,,,
2995,DAVIS,17,,,,,,,,,,,,,,,,,,
10696,DAVIS,17,,,,,,,,,,,,,,,,,,
1095,DAVIS,17,,,,,,,,,,,,,,,,,,
2822,DAVIS,17,,,,,,,,,,,,,,,,,,
10695,DAVIS,17,,,,,,,,,,,,,,,,,,
10671,DAVIS,17,,,,,,,,,,,,,,,,,,
2919,DAVIS,17,,,,,,,,,,,,,,,,,,
13609,DAVIS,17,,,,,,,,,,,,,,,,,,
1850,DAVIS,17,,,,,,,,,,,,,,,,,,
10547,DAVIS,17,,,,,,,,,,,,,,,,,,
12139,DAVIS,17,,,,,,,,,,,,,,,,,,
1616,DAVIS,17,,,,,,,,,,,,,,,,,,
9745,DAVIS,17,,,,,,,,,,,,,,,,,,
5836,DAVIS,17,,,,,,,,,,,,,,,,,,
6608,DAVIS,17,,,,,,,,,,,,,,,,,,
2049,DAVIS,17,,,,,,,,,,,,,,,,,,
14752,DAVIS,17,,,,,,,,,,,,,,,,,,
5629,DAVIS,17,,,,,,,,,,,,,,,,,,
13374,DAVIS,17,,,,,,,,,,,,,,,,,,
7635,DAVIS,17,,,,,,,,,,,,,,,,,,
8004,DAVIS,17,,,,,,,,,,,,,,,,,,
5395,DAVIS,17,,,,,,,,,,,,,,,,,,
5428,DAVIS,17,,,,,,,,,,,,,,,,,,
12435,DAVIS,17,,,,,,,,,,,,,,,,,,
12302,DAVIS,17,,,,,,,,,,,,,,,,,,
1096,DAVIS,17,,,,,,,,,,,,,,,,,,
2764,DAVIS,18,,,,,,,,,,,,,,,,,,
3818,DAVIS,18,,,,,,,,,,,,,,,,,,
2680,DAVIS,18,,,,,,,,,,,,,,,,,,
4936 MICA,DAVIS,18,,,,,,,,,,,,,,,,,,
5922,DAVIS,18,,,,,,,,,,,,,,,,,,
13303,DAVIS,18,,,,,,,,,,,,,,,,,,
10813,DAVIS,18,,,,,,,,,,,,,,,,,,
11472,DAVIS,18,,,,,,,,,,,,,,,,,,
10406,DAVIS,18,,,,,,,,,,,,,,,,,,
11344,DAVIS,18,,,,,,,,,,,,,,,,,,
3498,DAVIS,18,,,,,,,,,,,,,,,,,,
12298,DAVIS,18,,,,,,,,,,,,,,,,,,
4936,DAVIS,18,,,,,,,,,,,,,,,,,,
7410,DAVIS,18,,,,,,,,,,,,,,,,,,
10124,DAVIS,18,,,,,,,,,,,,,,,,,,
11998,DAVIS,18,,,,,,,,,,,,,,,,,,
10618,DAVIS,18,,,,,,,,,,,,,,,,,,
6604,DAVIS,18,,,,,,,,,,,,,,,,,,
10639,DAVIS,18,,,,,,,,,,,,,,,,,,
9399,DAVIS,18,,,,,,,,,,,,,,,,,,
7141,DAVIS,18,,,,,,,,,,,,,,,,,,
5202,DAVIS,18,,,,,,,,,,,,,,,,,,
6238,DAVIS,18,,,,,,,,,,,,,,,,,,
8865,DAVIS,18,,,,,,,,,,,,,,,,,,
3834,DAVIS,18,,,,,,,,,,,,,,,,,,
1174,DAVIS,18,,,,,,,,,,,,,,,,,,
6132,DAVIS,18,,,,,,,,,,,,,,,,,,
1862,DAVIS,18,,,,,,,,,,,,,,,,,,
2300,DAVIS,18,,,,,,,,,,,,,,,,,,
4006,DAVIS,18,,,,,,,,,,,,,,,,,,
9753,DAVIS,18,,,,,,,,,,,,,,,,,,
17509,BAGO,18,,,,,,,,,,,,,,,,,,
17539,PETRIZZIO,42,,,,,,,,,,,,,,,,,,
17449,NUTRICOM,42,,,,,,,,,,,,,,,,,,
17467,DAVIS,42,,,,,,,,,,,,,,,,,,
17461,DAVIS,18,,,,,,,,,,,,,,,,,,
17428,CAFE DO BRASIL,42,,,,,,,,,,,,,,,,,,
17523,NOVARTIS,42,,,,,,,,,,,,,,,,,,
1893,SAN PEDRO,19,,,,,,,,,,,,,,,,,,
7804,SAN PEDRO,19,,,,,,,,,,,,,,,,,,
7602,SAN PEDRO,19,,,,,,,,,,,,,,,,,,
14291,RECALCINE,19,,,,,,,,,,,,,,,,,,
6465,SAN PEDRO,19,,,,,,,,,,,,,,,,,,
5622,SAN PEDRO,19,,,,,,,,,,,,,,,,,,
6567,SAN PEDRO,19,,,,,,,,,,,,,,,,,,
6631,SAN PEDRO,19,,,,,,,,,,,,,,,,,,
4177,SAN PEDRO,19,,,,,,,,,,,,,,,,,,
5759,SAN PEDRO,19,,,,,,,,,,,,,,,,,,
6828,SAN PEDRO,19,,,,,,,,,,,,,,,,,,
4775,SAN PEDRO,19,,,,,,,,,,,,,,,,,,
4409,SAN PEDRO,19,,,,,,,,,,,,,,,,,,
6829,SAN PEDRO,19,,,,,,,,,,,,,,,,,,
4503,SAN PEDRO,19,,,,,,,,,,,,,,,,,,
4304,SAN PEDRO,19,,,,,,,,,,,,,,,,,,
11472,DAVIS,19,,,,,,,,,,,,,,,,,,
14798,DAVIS,19,,,,,,,,,,,,,,,,,,
14708,DAVIS,19,,,,,,,,,,,,,,,,,,
14678,DAVIS,19,,,,,,,,,,,,,,,,,,
1111,SAN PEDRO,19,,,,,,,,,,,,,,,,,,
8485,SAN PEDRO,19,,,,,,,,,,,,,,,,,,
1187,SAN PEDRO,19,,,,,,,,,,,,,,,,,,
1172,SAN PEDRO,19,,,,,,,,,,,,,,,,,,
1996,SAN PEDRO,19,,,,,,,,,,,,,,,,,,
1637,SAN PEDRO,19,,,,,,,,,,,,,,,,,,
1675,SAN PEDRO,19,,,,,,,,,,,,,,,,,,
1171,SAN PEDRO,19,,,,,,,,,,,,,,,,,,
1126,SAN PEDRO,19,,,,,,,,,,,,,,,,,,
3739,SAN PEDRO,19,,,,,,,,,,,,,,,,,,
2217,SAN PEDRO,19,,,,,,,,,,,,,,,,,,
2238,SAN PEDRO,19,,,,,,,,,,,,,,,,,,
2386,SAN PEDRO,19,,,,,,,,,,,,,,,,,,
2217,SAN PEDRO,19,,,,,,,,,,,,,,,,,,
3207,SAN PEDRO,19,,,,,,,,,,,,,,,,,,
2419,SAN PEDRO,19,,,,,,,,,,,,,,,,,,
3038,SAN PEDRO,19,,,,,,,,,,,,,,,,,,
4163,SAN PEDRO,19,,,,,,,,,,,,,,,,,,
5812,SAN PEDRO,19,,,,,,,,,,,,,,,,,,
1209,SAN PEDRO,19,,,,,,,,,,,,,,,,,,
3949,SAN PEDRO,19,,,,,,,,,,,,,,,,,,
3143,SAN PEDRO,19,,,,,,,,,,,,,,,,,,
3665,SAN PEDRO,19,,,,,,,,,,,,,,,,,,
3627,SAN PEDRO,19,,,,,,,,,,,,,,,,,,
5703,SAN PEDRO,19,,,,,,,,,,,,,,,,,,
6026,SAN PEDRO,19,,,,,,,,,,,,,,,,,,
3133,SAN PEDRO,20,,,,,,,,,,,,,,,,,,
1027,SAN PEDRO,20,,,,,,,,,,,,,,,,,,
1713,SAN PEDRO,20,,,,,,,,,,,,,,,,,,
1622,SAN PEDRO,20,,,,,,,,,,,,,,,,,,
3128,SAN PEDRO,20,,,,,,,,,,,,,,,,,,
1823,SAN PEDRO,20,,,,,,,,,,,,,,,,,,
1171,SAN PEDRO,20,,,,,,,,,,,,,,,,,,
4208,SAN PEDRO,20,,,,,,,,,,,,,,,,,,
1149,SAN PEDRO,20,,,,,,,,,,,,,,,,,,
1456,SAN PEDRO,20,,,,,,,,,,,,,,,,,,
4328,SAN PEDRO,20,,,,,,,,,,,,,,,,,,
1636,SAN PEDRO,20,,,,,,,,,,,,,,,,,,
1405,SAN PEDRO,20,,,,,,,,,,,,,,,,,,
1405,SAN PEDRO,20,,,,,,,,,,,,,,,,,,
1709,SAN PEDRO,20,,,,,,,,,,,,,,,,,,
5431,SAN PEDRO,20,,,,,,,,,,,,,,,,,,
4670,SAN PEDRO,20,,,,,,,,,,,,,,,,,,
5770,SAN PEDRO,20,,,,,,,,,,,,,,,,,,
6547,SAN PEDRO,20,,,,,,,,,,,,,,,,,,
1024,SAN PEDRO,20,,,,,,,,,,,,,,,,,,
6280,SAN PEDRO,20,,,,,,,,,,,,,,,,,,
6076,SAN PEDRO,20,,,,,,,,,,,,,,,,,,
3146,SAN PEDRO,20,,,,,,,,,,,,,,,,,,
6254,SAN PEDRO,20,,,,,,,,,,,,,,,,,,
17131,SAN PEDRO,20,,,,,,,,,,,,,,,,,,
5864,SAN PEDRO,20,,,,,,,,,,,,,,,,,,
6580,SAN PEDRO,20,,,,,,,,,,,,,,,,,,
1110,SAN PEDRO,20,,,,,,,,,,,,,,,,,,
3057,SAN PEDRO,20,,,,,,,,,,,,,,,,,,
2773,SAN PEDRO,20,,,,,,,,,,,,,,,,,,
6557,SAN PEDRO,20,,,,,,,,,,,,,,,,,,
7131,SAN PEDRO,20,,,,,,,,,,,,,,,,,,
7757,SAN PEDRO,20,,,,,,,,,,,,,,,,,,
5860,SAN PEDRO,20,,,,,,,,,,,,,,,,,,
6634,SAN PEDRO,20,,,,,,,,,,,,,,,,,,
6803,SAN PEDRO,20,,,,,,,,,,,,,,,,,,
5859,SAN PEDRO,20,,,,,,,,,,,,,,,,,,
7628,SAN PEDRO,20,,,,,,,,,,,,,,,,,,
7627,SAN PEDRO,20,,,,,,,,,,,,,,,,,,
7629,SAN PEDRO,20,,,,,,,,,,,,,,,,,,
7165,SAN PEDRO,20,,,,,,,,,,,,,,,,,,
7032,SAN PEDRO,20,,,,,,,,,,,,,,,,,,
8186,SAN PEDRO,20,,,,,,,,,,,,,,,,,,
3132,SAN PEDRO,20,,,,,,,,,,,,,,,,,,
16708,DIAGEO,20,,,,,,,,,,,,,,,,,,
16087,DAVIS,20,,,,,,,,,,,,,,,,,,
12709,SALMONES,21,,,,,,,,,,,,,,,,,,
16766,NOVARTIS,21,,,,,,,,,,,,,,,,,,
13334,NOVARTIS,21,,,,,,,,,,,,,,,,,,
13747,SALMONES,21,,,,,,,,,,,,,,,,,,
14334,DIAGEO,21,,,,,,,,,,,,,,,,,,
16677,RECALCINE,21,,,,,,,,,,,,,,,,,,
15790,SALMONES,21,,,,,,,,,,,,,,,,,,
373,BAGO,21,,,,,,,,,,,,,,,,,,
15859,PERNOD,21,,,,,,,,,,,,,,,,,,
16545,NOVARTIS,21,,,,,,,,,,,,,,,,,,
16829,SAVAL,21,,,,,,,,,,,,,,,,,,
10882,CAROZZI,21,,,,,,,,,,,,,,,,,,
8722,NOVARTIS,21,,,,,,,,,,,,,,,,,,
16291,INNOVA,21,,,,,,,,,,,,,,,,,,
16616,KNOP,21,,,,,,,,,,,,,,,,,,
16841,CONCHA Y TORO,21,,,,,,,,,,,,,,,,,,
15367,PERNOD,21,,,,,,,,,,,,,,,,,,
16690,CHILE,21,,,,,,,,,,,,,,,,,,
16802,SAN PEDRO,21,,,,,,,,,,,,,,,,,,
16692,MIGUEL TORRES,21,,,,,,,,,,,,,,,,,,
46698,DIAGEO,21,,,,,,,,,,,,,,,,,,
16769,ARIEL,21,,,,,,,,,,,,,,,,,,
16755,AXON PHARMA,21,,,,,,,,,,,,,,,,,,
16937,RECALCINE,32,P002220,,,,,,,,,,,,,,,,,
16921,HELSIE,22,,,,,,,,,,,,,,,,,,
16870,WASI,22,,,,,,,,,,,,,,,,,,
16625,VIU MANENT,22,,,,,,,,,,,,,,,,,,
16776,GENOMMA,22,,,,,,,,,,,,,,,,,,
16207,DAVID DEL CURTO,22,,,,,,,,,,,,,,,,,,
4821,PRUEBAS,22,,,,,,,,,,,,,,,,,,
17144,DIAGEO,22,,,,,,,,,,,,,,,,,,
14039,SANTA RITA,22,,,,,,,,,,,,,,,,,,
16623,VIU MANENT,22,,,,,,,,,,,,,,,,,,
15516,SALMONES,22,,,,,,,,,,,,,,,,,,
16406,QUILLAYES,22,,,,,,,,,,,,,,,,,,
16515,DIAGEO,22,,,,,,,,,,,,,,,,,,
16308,CAFE DO BRASIL,22,,,,,,,,,,,,,,,,,,
15055,EXTREMO SUR,22,,,,,,,,,,,,,,,,,,
11540,NOVARTIS,22,,,,,,,,,,,,,,,,,,
3739,SAN PEDRO,22,,,,,,,,,,,,,,,,,,
11267,MICA,22,,,,,,,,,,,,,,,,,,
16348,BAGO,22,,,,,,,,,,,,,,,,,,
13285,RECALCINE,22,,,,,,,,,,,,,,,,,,
490,BAGO,22,,,,,,,,,,,,,,,,,,
13149,DIAGEO,22,,,,,,,,,,,,,,,,,,
7491,FORUS,22,,,,,,,,,,,,,,,,,,
15564,SALMONES,22,,,,,,,,,,,,,,,,,,
16020,DIAGEO,22,,,,,,,,,,,,,,,,,,
16710,SALMONES,22,,,,,,,,,,,,,,,,,,
16760,BAGO,22,,,,,,,,,,,,,,,,,,
M000103,UNILEVER,39,P000905,,,,,,,,,,,,,,,,,
16709,CAROZZI,22,,,,,,,,,,,,,,,,,,
12939,SYNTHON,23,,,,,,,,,,,,,,,,,,
16580,MIGUEL TORRES,23,,,,,,,,,,,,,,,,,,
16765,SANITAS,23,,,,,,,,,,,,,,,,,,
12590,CAROZZI,46,,,,,,,,,,,,,,,,,,
16374,SYNTHON,23,,,,,,,,,,,,,,,,,,
16717,ALPES CHEMIE,23,,,,,,,,,,,,,,,,,,
16741,SYNTHON,23,,,,,,,,,,,,,,,,,,
16720,BIOSANO,23,,,,,,,,,,,,,,,,,,
16693,SYNTHON,23,,,,,,,,,,,,,,,,,,
16469,VIU MANENT,23,,,,,,,,,,,,,,,,,,
8279,BLUNDING,23,,,,,,,,,,,,,,,,,,
13427,BLUNDING,23,,,,,,,,,,,,,,,,,,
11803,BLUNDING,23,,,,,,,,,,,,,,,,,,
3099,BLUNDING,23,,,,,,,,,,,,,,,,,,
3455,BLUNDING,23,,,,,,,,,,,,,,,,,,
3097,BLUNDING,23,,,,,,,,,,,,,,,,,,
3100,BLUNDING,23,,,,,,,,,,,,,,,,,,
3286,BLUNDING,23,,,,,,,,,,,,,,,,,,
4925,BLUNDING,23,,,,,,,,,,,,,,,,,,
MICAS,BLUNDING,23,,,,,,,,,,,,,,,,,,
8341,BLUNDING,23,,,,,,,,,,,,,,,,,,
8518,BLUNDING,23,,,,,,,,,,,,,,,,,,
ETIQUETAS,BLUNDING,23,,,,,,,,,,,,,,,,,,
9296,BLUNDING,23,,,,,,,,,,,,,,,,,,
10872,BLUNDING,23,,,,,,,,,,,,,,,,,,
14650,BLUNDING,23,,,,,,,,,,,,,,,,,,
12839,BLUNDING,23,,,,,,,,,,,,,,,,,,
1178,BLUNDING,23,,,,,,,,,,,,,,,,,,
4821,BLUNDING,23,,,,,,,,,,,,,,,,,,
4546,BLUNDING,23,,,,,,,,,,,,,,,,,,
16803,LIBESA,24,,,,,,,,,,,,,,,,,,
16103,DAVIS,24,,,,,,,,,,,,,,,,,,
17015,VITAFOODS,24,P000856,,,,,,,,,,,,,,,,,
17045,GENOMMA,24,,,,,,,,,,,,,,,,,,
15180,JUAN BASS,24,,,,,,,,,,,,,,,,,,
17022,RECALCINE,24,,,,,,,,,,,,,,,,,,
16959,CAROZZI,24,,,,,,,,,,,,,,,,,,
15864,VIÑA LA ROSA,24,,,,,,,,,,,,,,,,,,
348,VIÑA VALDUZZI,24,,,,,,,,,,,,,,,,,,
16994,DESFAR,24,,,,,,,,,,,,,,,,,,
16994,DESFAR,24,,,,,,,,,,,,,,,,,,
16924,ID LOGISTICS,24,,,,,,,,,,,,,,,,,,
14480,VIU MANENT,24,,,,,,,,,,,,,,,,,,
12834,FORUS,39,P001716,,,,,,,,,,,,,,,,,
16003,UNILEVER,54,,,,,,,,,,,,,,,,,,
16962,VIU MANENT,24,,,,,,,,,,,,,,,,,,
16881,ID LOGISTICS,24,,,,,,,,,,,,,,,,,,
12827,AGRICOLA TARAPACA,24,,,,,,,,,,,,,,,,,,
17051,SYNTHON,24,,,,,,,,,,,,,,,,,,
12509,SYNTHON,60,,,,,,,,,,,,,,,,,,
12976,SYNTHON,24,,,,,,,,,,,,,,,,,,
14788,SYNTHON,24,,,,,,,,,,,,,,,,,,
17055,SYNTHON,24,,,,,,,,,,,,,,,,,,
17048,SYNTHON,24,,,,,,,,,,,,,,,,,,
16986,NOVARTIS,24,,,,,,,,,,,,,,,,,,
10898,NOVARTIS,24,,,,,,,,,,,,,,,,,,
16983,NOVARTIS,24,,,,,,,,,,,,,,,,,,
16295,PERNOD,24,,,,,,,,,,,,,,,,,,
15348,OCHOGAVIA,24,,,,,,,,,,,,,,,,,,
16880,SYNTHON,24,,,,,,,,,,,,,,,,,,
15720,SYNTHON,24,,,,,,,,,,,,,,,,,,
16894,NOVARTIS,25,,,,,,,,,,,,,,,,,,
16871,GADOR,25,,,,,,,,,,,,,,,,,,
6967,COMERCIAL PEUMO,25,,,,,,,,,,,,,,,,,,
12160,VENTANA,25,,,,,,,,,,,,,,,,,,
15668,EQUIPOS MEDICOS,25,,,,,,,,,,,,,,,,,,
16944,NOVA VERDE,25,P002729,,,,,,,,,,,,,,,,,
15665,UNILEVER,25,,,,,,,,,,,,,,,,,,
M000104 / 14061,SYNTHON,25,P001792,,,,,,,,,,,,,,,,,
17089,SYNTHON,25,,,,,,,,,,,,,,,,,,
17052,SYNTHON,25,,,,,,,,,,,,,,,,,,
17062,BIOSANO,25,,,,,,,,,,,,,,,,,,
16702,SYNTHON,25,,,,,,,,,,,,,,,,,,
16547,NOVARTIS,25,P004767,,,,,,,,,,,,,,,,,
16633,SYNTHON,25,,,,,,,,,,,,,,,,,,
16586,SYNTHON,25,,,,,,,,,,,,,,,,,,
16584,SYNTHON,25,,,,,,,,,,,,,,,,,,
15777,NOVARTIS,25,,,,,,,,,,,,,,,,,,
11899,NOVARTIS,56,,,,,,,,,,,,,,,,,,
16591,SYNTHON,25,,,,,,,,,,,,,,,,,,
16056,FARET,25,,,,,,,,,,,,,,,,,,
12985,PERNOD,25,,,,,,,,,,,,,,,,,,
16740,SYNTHON,25,,,,,,,,,,,,,,,,,,
16018,TRENDY,25,,,,,,,,,,,,,,,,,,
16082,SAVAL,26,,,,,,,,,,,,,,,,,,
15693,SALMONES,26,,,,,,,,,,,,,,,,,,
15337,DENTAID,26,,,,,,,,,,,,,,,,,,
16005,CANTABRIA,26,,,,,,,,,,,,,,,,,,
15981,VIÑA FOLATRE,26,,,,,,,,,,,,,,,,,,
15028,SANTA RITA,26,,,,,,,,,,,,,,,,,,
14226,SALMONES,26,,,,,,,,,,,,,,,,,,
16139,SYNTHON,26,,,,,,,,,,,,,,,,,,
14089,CAROZZI,26,,,,,,,,,,,,,,,,,,
12404,SOUTH WIND,26,,,,,,,,,,,,,,,,,,
15745,DIAGEO MICA,26,,,,,,,,,,,,,,,,,,
15324,FOTOMAR,26,,,,,,,,,,,,,,,,,,
16073,DAVIS,26,,,,,,,,,,,,,,,,,,
16046,DAVIS,26,,,,,,,,,,,,,,,,,,
16120,SYNTHON,26,,,,,,,,,,,,,,,,,,
16135,FARET,60,,,,,,,,,,,,,,,,,,
14418,NOVARTIS,26,,,,,,,,,,,,,,,,,,
14792,FOTOMAR,26,,,,,,,,,,,,,,,,,,
15803,BAGO,26,,,,,,,,,,,,,,,,,,
15759,DIAGEO MICA,26,,,,,,,,,,,,,,,,,,
15494,FOTOMAR,26,,,,,,,,,,,,,,,,,,
14421,PESQUERA TRANSANTARIC,26,,,,,,,,,,,,,,,,,,
15929,HOFFMANN,26,,,,,,,,,,,,,,,,,,
17597,GENOMMA,26,,,,,,,,,,,,,,,,,,
10377,PETRIZZIO,27,,,,,,,,,,,,,,,,,,
16052,RECALCINE,27,,,,,,,,,,,,,,,,,,
15321,DISTRIBUIDORA LA LIEBRE,27,,,,,,,,,,,,,,,,,,
15607,CHILE,27,,,,,,,,,,,,,,,,,,
12870,FRUSELVA,27,,,,,,,,,,,,,,,,,,
15678,PARK DAN,27,,,,,,,,,,,,,,,,,,
15362,RECALCINE,27,,,,,,,,,,,,,,,,,,
15809,DIAGEO,27,,,,,,,,,,,,,,,,,,
14893,SERVICIO DE ALIMENTOS,27,,,,,,,,,,,,,,,,,,
15773,VIDA CEL,27,,,,,,,,,,,,,,,,,,
15652,SANTA CRUZ,27,,,,,,,,,,,,,,,,,,
15915,DAVIS,27,,,,,,,,,,,,,,,,,,
15356,DIAGEO,27,,,,,,,,,,,,,,,,,,
15905,SALMONES,27,,,,,,,,,,,,,,,,,,
15775,TRENDY,27,,,,,,,,,,,,,,,,,,
15990,DIAGEO,27,,,,,,,,,,,,,,,,,,
13225,DAVIS,27,,,,,,,,,,,,,,,,,,
15318,INVERMAR,27,,,,,,,,,,,,,,,,,,
M000527,BLUNDING,27,,,,,,,,,,,,,,,,,,
15745,DIAGEO,27,,,,,,,,,,,,,,,,,,
15745,DIAGEO MICA,27,,,,,,,,,,,,,,,,,,
15743,DAVIS,27,,,,,,,,,,,,,,,,,,
15980,VIÑA FOLATRE,27,,,,,,,,,,,,,,,,,,
18590,SANTA ROSA,27,,,,,,,,,,,,,,,,,,
18555,ABBVIE,27,P007016,,,,,,,,,,,,,,,,,
18510,ABBVIE,27,P003765,,,,,,,,,,,,,,,,,
18531,SYNTHON,27,,,,,,,,,,,,,,,,,,
M000313,UNILEVER,27,P006834,,,,,,,,,,,,,,,,,
18574,PETRIZZIO,27,P004344,,,,,,,,,,,,,,,,,
18523,UNILEVER,27,,,,,,,,,,,,,,,,,,
18476,JUAN BASS,27,,,,,,,,,,,,,,,,,,
18520,MULTI X,27,,,,,,,,,,,,,,,,,,
,,,,,,,,,,,,,,,,,,,,
18508,CAROZZI,56,,,,,,,,,,,,,,,,,,
18507,BIOSANO,27,,,,,,,,,,,,,,,,,,
18514,DIAGEO,27,,,,,,,,,,,,,,,,,,
18505,JUAN BASS,27,P004946,,,,,,,,,,,,,,,,,
12435,DAVIS,27,,,,,,,,,,,,,,,,,,
15846,DOS EN UNO,28,,,,,,,,,,,,,,,,,,
15009,JUAN BASS,28,,,,,,,,,,,,,,,,,,
15856,FIBROSONOCO,28,,,,,,,,,,,,,,,,,,
10498,NOVA VERDE,28,,,,,,,,,,,,,,,,,,
15898,BLUNDING,28,,,,,,,,,,,,,,,,,,
1285,CAROZZI,28,,,,,,,,,,,,,,,,,,
11113,BAGO,28,,,,,,,,,,,,,,,,,,
14456,CARNES ÑUBLE,28,,,,,,,,,,,,,,,,,,
14279,SALMONES,28,,,,,,,,,,,,,,,,,,
15805,FARET,28,,,,,,,,,,,,,,,,,,
15801,DIAGEO,28,,,,,,,,,,,,,,,,,,
15675,CHILE,28,,,,,,,,,,,,,,,,,,
13958,VALMA,28,,,,,,,,,,,,,,,,,,
15884,COMERCIAL ATACAMA,28,,,,,,,,,,,,,,,,,,
12993,CAROZZI,46,,,,,,,,,,,,,,,,,,
14139,JUAN BASS,28,,,,,,,,,,,,,,,,,,
15649,VIÑEDOS,28,,,,,,,,,,,,,,,,,,
14396,BAUZA,28,,,,,,,,,,,,,,,,,,
15673,FARET,28,,,,,,,,,,,,,,,,,,
15591,DIAGEO,28,,,,,,,,,,,,,,,,,,
15759,DIAGEO,28,,,,,,,,,,,,,,,,,,
17156,ELANCO,28,,,,,,,,,,,,,,,,,,
17157,GADOR,28,,,,,,,,,,,,,,,,,,
17143,DIAGEO,28,,,,,,,,,,,,,,,,,,
17167,DRAKE LOGISTICS,28,,,,,,,,,,,,,,,,,,
17152,SYNTHON,28,,,,,,,,,,,,,,,,,,
17020,CECINAS BAVARIA,28,,,,,,,,,,,,,,,,,,
M000068 / 13815,SYNTHON,28,P002360,,,,,,,,,,,,,,,,,
18638,DENTAID,28,,,,,,,,,,,,,,,,,,
18643,CAROZZI,28,,,,,,,,,,,,,,,,,,
18616,UNILEVER,28,,,,,,,,,,,,,,,,,,
17974,COMERCIAL ENGEL,28,,,,,,,,,,,,,,,,,,
M000075 /18569,SAN JAVIER,28,,,,,,,,,,,,,,,,,,
18543,MULTI X,28,,,,,,,,,,,,,,,,,,
,,,,,,,,,,,,,,,,,,,,
18603,ABBVIE,28,P007030,,,,,,,,,,,,,,,,,
,PRUEBA TEVA CHILE,28,,,,,,,,,,,,,,,,,,
18501,DAVIS,28,,,,,,,,,,,,,,,,,,
15456,RECALCINE,29,,,,,,,,,,,,,,,,,,
15757,DIAGEO,29,,,,,,,,,,,,,,,,,,
15593,DIAGEO,29,,,,,,,,,,,,,,,,,,
12186,MIGUEL TORRES,29,,,,,,,,,,,,,,,,,,
15648,VIÑEDOS PUERTA,29,,,,,,,,,,,,,,,,,,
15647,VIÑEDOS PUERTA,29,,,,,,,,,,,,,,,,,,
15769,CAFE DO BRASIL,29,,,,,,,,,,,,,,,,,,
15731,PERNOD,29,,,,,,,,,,,,,,,,,,
15965,BCG,29,,,,,,,,,,,,,,,,,,
14347,NOVA VERDE,29,,,,,,,,,,,,,,,,,,
15495,CARNES ÑUBLE,29,,,,,,,,,,,,,,,,,,
16053,GENOMMA,29,,,,,,,,,,,,,,,,,,
15646,VIÑEDOS PUERTA,29,,,,,,,,,,,,,,,,,,
15650,VIÑEDOS,29,,,,,,,,,,,,,,,,,,
15021,PERNOD,29,,,,,,,,,,,,,,,,,,
10654,VIÑA CDF JELL,29,,,,,,,,,,,,,,,,,,
14754,CANTABRIA,29,,,,,,,,,,,,,,,,,,
2529,NOVARTIS,29,,,,,,,,,,,,,,,,,,
12288,SANTA RITA,29,,,,,,,,,,,,,,,,,,
12216,FRUSELVA,29,,,,,,,,,,,,,,,,,,
12831,DIAGEO,29,,,,,,,,,,,,,,,,,,
14407,FUSELVA,29,,,,,,,,,,,,,,,,,,
3655,NOVARTIS,29,,,,,,,,,,,,,,,,,,
3657,NOVARTIS,29,,,,,,,,,,,,,,,,,,
3358,NOVARTIS,29,,,,,,,,,,,,,,,,,,
12238,NOVARTIS,29,,,,,,,,,,,,,,,,,,
11571,SAN PEDRO,29,,,,,,,,,,,,,,,,,,
11642,SANTA RITA,29,,,,,,,,,,,,,,,,,,
11619,VIU MANENT,29,,,,,,,,,,,,,,,,,,
15829,ALPES CHEMIE,29,,,,,,,,,,,,,,,,,,
15624,PERNOD,29,P002686,,,,,,,,,,,,,,,,,
17582,DAVIS,29,,,,,,,,,,,,,,,,,,
17545,UNILEVER,29,,,,,,,,,,,,,,,,,,
17581,DAVIS,29,,,,,,,,,,,,,,,,,,
17557,INVERSIONES ,29,,,,,,,,,,,,,,,,,,
18680,FARET,29,,,,,,,,,,,,,,,,,,
18652,MULTI X,29,,,,,,,,,,,,,,,,,,
18675,ID LOGISTICS,29,,,,,,,,,,,,,,,,,,
18647,MULTI X,29,,,,,,,,,,,,,,,,,,
15378,MULTI X,29,,,,,,,,,,,,,,,,,,
18561,PETRIZZIO,29,,,,,,,,,,,,,,,,,,
18661,BIOSANO,29,,,,,,,,,,,,,,,,,,
18671,MAL PASO,29,,,,,,,,,,,,,,,,,,
18687,DAVIS,29,,,,,,,,,,,,,,,,,,
18697,NOVARTIS,29,,,,,,,,,,,,,,,,,,
18636,DENTAID,29,,,,,,,,,,,,,,,,,,
16173,GADOR,30,,,,,,,,,,,,,,,,,,
16227,NUTRICION Y ALIMENTOS,30,,,,,,,,,,,,,,,,,,
15818,ID LOGISTICS,30,,,,,,,,,,,,,,,,,,
15185,DAVIS,30,,,,,,,,,,,,,,,,,,
1798,CHILE,30,,,,,,,,,,,,,,,,,,
13865,CHILE,30,,,,,,,,,,,,,,,,,,
15230,CAFE DO BRASIL,30,,,,,,,,,,,,,,,,,,
16224,RECALCINE,30,,,,,,,,,,,,,,,,,,
14318,CAROZZI,30,,,,,,,,,,,,,,,,,,
12306,DAVIS,30,,,,,,,,,,,,,,,,,,
10961,CHILE,30,,,,,,,,,,,,,,,,,,
16194,DAVIS,30,,,,,,,,,,,,,,,,,,
7756,GADOR,30,,,,,,,,,,,,,,,,,,
6510,BAGO,30,,,,,,,,,,,,,,,,,,
11054,BALLERINA,30,,,,,,,,,,,,,,,,,,
6055,DAVIS,30,,,,,,,,,,,,,,,,,,
788,NOVARTIS,30,,,,,,,,,,,,,,,,,,
16216,PHARMA,30,,,,,,,,,,,,,,,,,,
4962,ELANCO,30,,,,,,,,,,,,,,,,,,
17988,LABOCOCH,30,,,,,,,,,,,,,,,,,,
17994,NUTRACOM,30,,,,,,,,,,,,,,,,,,
18014,PETRIZZIO,30,P000887,,,,,,,,,,,,,,,,,
17992,SYNTHON,30,,,,,,,,,,,,,,,,,,
17971,SNACK AMAREA,30,,,,,,,,,,,,,,,,,,
17975,ID LOGISTICS,30,,,,,,,,,,,,,,,,,,
17967,GARDEN HOUSE,30,,,,,,,,,,,,,,,,,,
17960,UNILEVER,30,,,,,,,,,,,,,,,,,,
17933,SOUTH WIND,30,,,,,,,,,,,,,,,,,,
17935,RECALCINE,30,,,,,,,,,,,,,,,,,,
17925,KNOP,30,,,,,,,,,,,,,,,,,,
17934,ZOETIS,30,,,,,,,,,,,,,,,,,,
17924,PETRIZZIO,30,,,,,,,,,,,,,,,,,,
10101,NOVARTIS,30,,,,,,,,,,,,,,,,,,
18078,UNILEVER,30,,,,,,,,,,,,,,,,,,
18054,DENTAID,30,,,,,,,,,,,,,,,,,,
M000084 / 18011,PETRIZZIO,30,P006332,,,,,,,,,,,,,,,,,
18018,DAVIS,30,,,,,,,,,,,,,,,,,,
18069,BAGO,30,,,,,,,,,,,,,,,,,,
18056,DENTAID,30,,,,,,,,,,,,,,,,,,
18063,GENOMMA,31,,,,,,,,,,,,,,,,,,
18030,CAROZZI,30,,,,,,,,,,,,,,,,,,
18064,GENOMMA,31,,,,,,,,,,,,,,,,,,
18020,SAVAL,42,,,,,,,,,,,,,,,,,,
18038,RESTO MARKET,31,,,,,,,,,,,,,,,,,,
18019,ECOTERRA,31,,,,,,,,,,,,,,,,,,
16362,FARET,31,,,,,,,,,,,,,,,,,,
6117,ELANCO,31,,,,,,,,,,,,,,,,,,
M000026 / 14021,BAGO,31,,,,,,,,,,,,,,,,,,
2297,NOVARTIS,31,,,,,,,,,,,,,,,,,,
16239,ELANCO,31,,,,,,,,,,,,,,,,,,
16350,BAGO,31,,,,,,,,,,,,,,,,,,
16494,DIAGEO,31,,,,,,,,,,,,,,,,,,
M000159 / 15078,ZOETIS,31,,,,,,,,,,,,,,,,,,
16376,SYNTHON,31,,,,,,,,,,,,,,,,,,
15076,ZOETIS,31,,,,,,,,,,,,,,,,,,
14289,ABBVIE,31,,,,,,,,,,,,,,,,,,
16572,RECALCINE,31,,,,,,,,,,,,,,,,,,
14897,CANTABRIA,31,,,,,,,,,,,,,,,,,,
7563,NOVARTIS,31,,,,,,,,,,,,,,,,,,
16327,GADOR,31,,,,,,,,,,,,,,,,,,
574,BALLERINA,31,,,,,,,,,,,,,,,,,,
16311,LABOCOCH,31,,,,,,,,,,,,,,,,,,
11382,COPA SERVICE,31,,,,,,,,,,,,,,,,,,
16636,SANITAS,31,,,,,,,,,,,,,,,,,,
18137,COOPERATIVA SERVICIOS,31,,,,,,,,,,,,,,,,,,
18038,NUEVO INT,31,,,,,,,,,,,,,,,,,,
M000252,ZOETIS,31,P004897,,,,,,,,,,,,,,,,,
M000106 / 18097,BIOSANO,-,P004812,ESTA UBICADO ENTRE EL RACK 47 Y 48,,,,,,,,,,,,,,,,
18077,CAROZZI,31,,,,,,,,,,,,,,,,,,
18091,BIOSANO,31,,,,,,,,,,,,,,,,,,
18107,MULTI X,30,,,,,,,,,,,,,,,,,,
18134,CAFE DO BRASIL,31,,,,,,,,,,,,,,,,,,
18142,NOVARTIS,31,,,,,,,,,,,,,,,,,,
18079,DAVIS,31,P006074,,,,,,,,,,,,,,,,,
18087,ARTEL,31,,,,,,,,,,,,,,,,,,
18073,TARAPACA,31,,,,,,,,,,,,,,,,,,
17888,BIOSANO,32,,,,,,,,,,,,,,,,,,
17909,CHILE,32,,,,,,,,,,,,,,,,,,
3408,NOVARTIS,32,,,,,,,,,,,,,,,,,,
16345,CHILE,32,,,,,,,,,,,,,,,,,,
12565,CHILE,32,,,,,,,,,,,,,,,,,,
16418,CHILE,32,,,,,,,,,,,,,,,,,,
2992,DESA,32,,,,,,,,,,,,,,,,,,
15065,FRUSELVA,32,,,,,,,,,,,,,,,,,,
14151,MICA,32,,,,,,,,,,,,,,,,,,
11059,NOVARTIS,32,,,,,,,,,,,,,,,,,,
343,EL ROSARIO,32,,,,,,,,,,,,,,,,,,
16377,DIAGEO,32,,,,,,,,,,,,,,,,,,
15719,ID LOGISTICS,56,,,,,,,,,,,,,,,,,,
16453,DESA,32,,,,,,,,,,,,,,,,,,
13362,ALIMENTOS DP,32,,,,,,,,,,,,,,,,,,
16462,DENTAID,32,,,,,,,,,,,,,,,,,,
15709,DENTAID VENTANA,32,,,,,,,,,,,,,,,,,,
12161,VENTANA,32,,,,,,,,,,,,,,,,,,
14093,SANTA RITA,32,,,,,,,,,,,,,,,,,,
11294,SALMONES MULTI X,32,,,,,,,,,,,,,,,,,,
11390,ELANCO,32,,,,,,,,,,,,,,,,,,
16385,DIAGEO,32,,,,,,,,,,,,,,,,,,
16394,SYNTHON,32,,,,,,,,,,,,,,,,,,
8528,ARIZTIA,32,,,,,,,,,,,,,,,,,,
11330,DIAGEO,32,,,,,,,,,,,,,,,,,,
11495,NOVARTIS,32,,,,,,,,,,,,,,,,,,
18016,PETRIZZIO,32,,,,,,,,,,,,,,,,,,
18018,PETRIZZIO,32,,,,,,,,,,,,,,,,,,
18031,MULTI X,32,,,,,,,,,,,,,,,,,,
18068,PETRIZZIO,32,,,,,,,,,,,,,,,,,,
18289,BLUNDING,32,,,,,,,,,,,,,,,,,,
18312,DRAKE LOGISTICS,34,,,,,,,,,,,,,,,,,,
18331,ID LOGISTICS,32,,,,,,,,,,,,,,,,,,
18294 PL 1,UNILEVER,32,,,,,,,,,,,,,,,,,,
18294 PL 2,UNILEVER,32,,,,,,,,,,,,,,,,,,
18222,DAVIS,32,,,,,,,,,,,,,,,,,,
18310,BIOSANO,32,,,,,,,,,,,,,,,,,,
18327,PETRIZZIO,32,,,,,,,,,,,,,,,,,,
18158,PETRIZZIO,32,,,,,,,,,,,,,,,,,,
14767,PETRIZZIO,33,,,,,,,,,,,,,,,,,,
16496,RECALCINE,33,,,,,,,,,,,,,,,,,,
14963,INNOVA,33,,,,,,,,,,,,,,,,,,
16479,UNILEVER,33,,,,,,,,,,,,,,,,,,
1992,DESA,33,,,,,,,,,,,,,,,,,,
1838,DESA,33,,,,,,,,,,,,,,,,,,
1863,DESA,33,,,,,,,,,,,,,,,,,,
15018,AG SERVICIOS,33,,,,,,,,,,,,,,,,,,
4102,CIA PISQUERA,33,,,,,,,,,,,,,,,,,,
16481,GENOMMA,33,,,,,,,,,,,,,,,,,,
12507,CHILE,33,,,,,,,,,,,,,,,,,,
1925,DESA,33,,,,,,,,,,,,,,,,,,
16445,PETRIZZIO,33,,,,,,,,,,,,,,,,,,
15951,FABRICA DE HELADOS,33,,,,,,,,,,,,,,,,,,
16392,DIAGEO,33,,,,,,,,,,,,,,,,,,
4736,CIA PISQUERA,33,,,,,,,,,,,,,,,,,,
16390,DIAGEO,33,,,,,,,,,,,,,,,,,,
16391,DIAGEO,33,,,,,,,,,,,,,,,,,,
2335,DESA,33,,,,,,,,,,,,,,,,,,
15931,NOVARTIS,33,,,,,,,,,,,,,,,,,,
14001,CARNES ÑUBLE,46,,,,,,,,,,,,,,,,,,
1253,DESA,33,,,,,,,,,,,,,,,,,,
2306,DESA,33,,,,,,,,,,,,,,,,,,
2020,DESA,33,,,,,,,,,,,,,,,,,,
16360,DAVIS,33,,,,,,,,,,,,,,,,,,
12147,BADAMAX,33,,,,,,,,,,,,,,,,,,
18228,CAFE DO BRASIL,33,,,,,,,,,,,,,,,,,,
18216,SANTA ROSA,33,,,,,,,,,,,,,,,,,,
18151,JOHNSON Y JOHNSON,33,,,,,,,,,,,,,,,,,,
16362,FARET,33,,,,,,,,,,,,,,,,,,
18194,CHILE,33,,,,,,,,,,,,,,,,,,
18167,GENOMMA,33,,,,,,,,,,,,,,,,,,
16706,BAGO,33,,,,,,,,,,,,,,,,,,
14054,JOHNSON Y JOHNSON,33,,,,,,,,,,,,,,,,,,
18186,GADOR,33,,,,,,,,,,,,,,,,,,
18373,BIOSANO,33,,,,,,,,,,,,,,,,,,
14221,JUAN BASS,33,,,,,,,,,,,,,,,,,,
18378,ZOETIS,33,,,,,,,,,,,,,,,,,,
M000547,ZOETIS,33,,,,,,,,,,,,,,,,,,
18383,PETRIZZIO,33,,,,,,,,,,,,,,,,,,
14233,SALMONES,33,,,,,,,,,,,,,,,,,,
2028,DESA,34,,,,,,,,,,,,,,,,,,
2239,DESA,34,,,,,,,,,,,,,,,,,,
2103,DESA,34,,,,,,,,,,,,,,,,,,
2103,DESA,34,,,,,,,,,,,,,,,,,,
4465,DESA,34,,,,,,,,,,,,,,,,,,
15570,NOVARTIS,34,,,,,,,,,,,,,,,,,,
14892,INVERMAR,34,,,,,,,,,,,,,,,,,,
15872,DENTAID,34,,,,,,,,,,,,,,,,,,
15109,ZOETIS,34,,,,,,,,,,,,,,,,,,
16447,PETRIZZIO,34,,,,,,,,,,,,,,,,,,
15520,DIAGEO,34,,,,,,,,,,,,,,,,,,
16426,DIAGEO,34,,,,,,,,,,,,,,,,,,
5786,SAVAL,34,,,,,,,,,,,,,,,,,,
3673,VIÑA CDF JELL,34,,,,,,,,,,,,,,,,,,
15003,INVERSIONES VFR,34,,,,,,,,,,,,,,,,,,
6191,RECALCINE,34,,,,,,,,,,,,,,,,,,
16472,CARNES ÑUBLE,34,,,,,,,,,,,,,,,,,,
15045,UNILEVER,34,,,,,,,,,,,,,,,,,,
M000517 / 11879,ESAN,34,,,,,,,,,,,,,,,,,,
15240,CAROZZI,34,,,,,,,,,,,,,,,,,,
12061,NOVARTIS,34,,,,,,,,,,,,,,,,,,
5815,ESAN,34,,,,,,,,,,,,,,,,,,
3596,DIAGEO,34,,,,,,,,,,,,,,,,,,
14651,NOVA VERDE,34,,,,,,,,,,,,,,,,,,
11076,ABBOTT,34,,,,,,,,,,,,,,,,,,
14257,MICA,34,,,,,,,,,,,,,,,,,,
15193,DIAGEO,34,,,,,,,,,,,,,,,,,,
16601,JOHNSON Y JOHNSON,34,,,,,,,,,,,,,,,,,,
12087,CIA PISQUERA,34,,,,,,,,,,,,,,,,,,
18455,DP ALIMENTOS ,34,,,,,,,,,,,,,,,,,,
18470,GADOR,34,,,,,,,,,,,,,,,,,,
18452,DIAGEO,34,,,,,,,,,,,,,,,,,,
15897,UNILEVER,34,,,,,,,,,,,,,,,,,,
18486, SOUTHER ,34,,,,,,,,,,,,,,,,,,
16389,AXON PHARMA,34,,,,,,,,,,,,,,,,,,
12050,ALIMENTOS AGRO,34,,,,,,,,,,,,,,,,,,
18434,DIAGEO,34,,,,,,,,,,,,,,,,,,
18446,DIAGEO,34,,,,,,,,,,,,,,,,,,
18413,GENOMMA,34,,,,,,,,,,,,,,,,,,
18438,DIAGEO,34,,, ,,,,,,,,,,,,,,,
18418,DAVIS,34,,,,,,,,,,,,,,,,,,
13696,PETRIZZIO,34,,,,,,,,,,,,,,,,,,
18442,PETRIZZIO,34,,,,,,,,,,,,,,,,,,
2693,DAVIS,35,,,,,,,,,,,,,,,,,,
15186,ECKART,35,,,,,,,,,,,,,,,,,,
11866,MEDIPHARM,35,,,,,,,,,,,,,,,,,,
14969,DOS EN UNO,35,,,,,,,,,,,,,,,,,,
15685,ALIMENTOS DOS EN UNO,35,,,,,,,,,,,,,,,,,,
16606,PETRIZZIO,35,,,,,,,,,,,,,,,,,,
11897,NOVARTIS,35,,,,,,,,,,,,,,,,,,
16474,DESA,35,,,,,,,,,,,,,,,,,,
2690,ELICINA,35,,,,,,,,,,,,,,,,,,
4325,DAVIS,35,,,,,,,,,,,,,,,,,,
14362,ELANCO,35,,,,,,,,,,,,,,,,,,
P003104,BANDEJA,35,,,,,,,,,,,,,,,,,,
9730,NOVA VERDE,35,,,,,,,,,,,,,,,,,,
7076,DIAGEO MICA,35,,,,,,,,,,,,,,,,,,
12172,ESAN,35,,,,,,,,,,,,,,,,,,
15500,SYNTHON,35,,,,,,,,,,,,,,,,,,
10519,RECALCINE,35,,,,,,,,,,,,,,,,,,
13274,RECALCINE,35,,,,,,,,,,,,,,,,,,
16536,DRAKE LOGISTICS,35,,,,,,,,,,,,,,,,,,
15702,ZOETIS,35,,,,,,,,,,,,,,,,,,
15701,ZOETIS,35,,,,,,,,,,,,,,,,,,
16340,CHILE,35,,,,,,,,,,,,,,,,,,
6613,CIA PISQUERA,35,,,,,,,,,,,,,,,,,,
16558,CHILE,35,,,,,,,,,,,,,,,,,,
14059,NOVA VERDE,35,,,,,,,,,,,,,,,,,,
M000277 / 13488,CAROZZI,35,,,,,,,,,,,,,,,,,,
12778,NOVA VERDE,35,,,,,,,,,,,,,,,,,,
15570,NOVARTIS,35,,,,,,,,,,,,,,,,,,
12060,NOVARTIS,35,,,,,,,,,,,,,,,,,,
14686,DAVIS,35,P003017,,,,,,,,,,,,,,,,,
18398,PERNOD,35,,,,,,,,,,,,,,,,,,
18698,VIU MANENT,35,,,,,,,,,,,,,,,,,,
17050,PERNOD,35,P005118,,,,,,,,,,,,,,,,,
18443,SAVAL,35,,,,,,,,,,,,,,,,,,
18405,PERNOD,35,,,,,,,,,,,,,,,,,,
18429,DIAGEO,35,,,,,,,,,,,,,,,,,,
18390,PESQUERA,35,,,,,,,,,,,,,,,,,,
18370,UNDURRAGA,35,,,,,,,,,,,,,,,,,,
13980,VIDA SALUDABLE,35,,,,,,,,,,,,,,,,,,
18387,SERVIFORM,35,,,,,,,,,,,,,,,,,,
17606,CAFE DO BRASIL,35,,,,,,,,,,,,,,,,,,
18395,PERNOD,35,,,,,,,,,,,,,,,,,,
15722,CAFE DO BRASIL,36,,,,,,,,,,,,,,,,,,
15730,ALPES CHEMIE,36,,,,,,,,,,,,,,,,,,
11618,VIU MANENT,36,,,,,,,,,,,,,,,,,,
11398,SYNTHON,36,,,,,,,,,,,,,,,,,,
7563,NOVARTIS,36,,,,,,,,,,,,,,,,,,
12197,NOVARTIS,36,,,,,,,,,,,,,,,,,,
15603,KNOP,36,,,,,,,,,,,,,,,,,,
15705,KNOP,36,,,,,,,,,,,,,,,,,,
12061,NOVARTIS,36,,,,,,,,,,,,,,,,,,
15442,ALPES CHEMIE,36,,,,,,,,,,,,,,,,,,
15443,ALPES CHEMIE,36,,,,,,,,,,,,,,,,,,
15577,NOVARTIS,36,,,,,,,,,,,,,,,,,,
10380,CIA PISQUERA,36,,,,,,,,,,,,,,,,,,
15532,RECALCINE,36,,,,,,,,,,,,,,,,,,
,,,,,,,,,,,,,,,,,,,,
15407,BAGO,36,,,,,,,,,,,,,,,,,,
4392,SOCIEDAD EL ROSARIO,36,,,,,,,,,,,,,,,,,,
10927,CERVECERIA KROSS,36,,,,,,,,,,,,,,,,,,
5631,DIAGEO,36,,,,,,,,,,,,,,,,,,
13068,DAVIS,36,,,,,,,,,,,,,,,,,,
15478,DAVIS,36,,,,,,,,,,,,,,,,,,
8746,SALMONES MULTI X,36,,,,,,,,,,,,,,,,,,
11725,SAN PEDRO,36,,,,,,,,,,,,,,,,,,
6053,ELICINA,36,,,,,,,,,,,,,,,,,,
12627,CAROZZI,36,,,,,,,,,,,,,,,,,,
10806,FOTO MAYOR,36,,,,,,,,,,,,,,,,,,
1441,CHILE,36,,,,,,,,,,,,,,,,,,
10987,AGROSUPER,36,,,,,,,,,,,,,,,,,,
,,,,,,,,,,,,,,,,,,,,
18360,SNACK FOODS,36,,,,,,,,,,,,,,,,,,
18400,PERNOD,36,P006821,,,,,,,,,,,,,,,,,
18404,PERNOD,36,,,,,,,,,,,,,,,,,,
18403,PERNOD,36,,,,,,,,,,,,,,,,,,
18345,CAROZZI,36,,,,,,,,,,,,,,,,,,
10882,CAROZZI,36,,,,,,,,,,,,,,,,,,
18061,MULTI X,36,,,,,,,,,,,,,,,,,,
5234,NOVARTIS,37,,,,,,,,,,,,,,,,,,
15022,RECALCINE,37,,,,,,,,,,,,,,,,,,
10411,DIAGEO,37,,,,,,,,,,,,,,,,,,
12560,SALMONES MULTI X,37,,,,,,,,,,,,,,,,,,
10803,CHILE,37,,,,,,,,,,,,,,,,,,
11913,CHILE,37,,,,,,,,,,,,,,,,,,
9051,NOVA VERDE,37,,,,,,,,,,,,,,,,,,
8959,VIÑA LA ROSA,37,,,,,,,,,,,,,,,,,,
6576,VIÑA CDF JELL,37,,,,,,,,,,,,,,,,,,
8846,BAUZA,37,,,,,,,,,,,,,,,,,,
11624,SALMONES MULTI X,37,,,,,,,,,,,,,,,,,,
2160,CIA PISQUERA,37,,,,,,,,,,,,,,,,,,
8565,UNILEVER,37,,,,,,,,,,,,,,,,,,
8759,MIGUEL TORRES,37,,,,,,,,,,,,,,,,,,
9150,PERNOD,37,,,,,,,,,,,,,,,,,,
10289,SALMONES MULTI X,37,,,,,,,,,,,,,,,,,,
8075,FEROUCH,37,,,,,,,,,,,,,,,,,,
9495,SALMONES MULTI X,37,,,,,,,,,,,,,,,,,,
2241,ESAN,37,,,,,,,,,,,,,,,,,,
2107,ESAN,37,,,,,,,,,,,,,,,,,,
11439,GARDEN HOUSE,37,,,,,,,,,,,,,,,,,,
3203,ESAN,37,,,,,,,,,,,,,,,,,,
11646,SANTA RITA,37,,,,,,,,,,,,,,,,,,
10393,DESA,37,,,,,,,,,,,,,,,,,,
12217,LABOMED,37,,,,,,,,,,,,,,,,,,
2464,BDF,37,,,,,,,,,,,,,,,,,,
2464,NIVEA RELIEVE,37,,,,,,,,,,,,,,,,,,
14354,SALMONES MULTI X,37,,,,,,,,,,,,,,,,,,
9776,CAROZZI,37,,,,,,,,,,,,,,,,,,
8506,DUKRAFT,38,,,,,,,,,,,,,,,,,,
6698,CIA PISQUERA,38,,,,,,,,,,,,,,,,,,
10610,NOVA FOOD,38,,,,,,,,,,,,,,,,,,
10997,PISQUERA PORTUGAL,38,,,,,,,,,,,,,,,,,,
12772,DUKRAFT,38,,,,,,,,,,,,,,,,,,
11212,AGROSUPER,38,,,,,,,,,,,,,,,,,,
13925,SAN PEDRO,38,,,,,,,,,,,,,,,,,,
10780,UNILEVER,38,,,,,,,,,,,,,,,,,,
11524,GARDEN HOUSE,38,,,,,,,,,,,,,,,,,,
15329,BAT CHILE,38,,,,,,,,,,,,,,,,,,
8573,PETRIZZIO,38,,,,,,,,,,,,,,,,,,
10952,SALMONES MULTI X,38,,,,,,,,,,,,,,,,,,
11829,SALMONES MULTI X,38,,,,,,,,,,,,,,,,,,
12522,RECALCINE,38,,,,,,,,,,,,,,,,,,
2563,ELICINA,38,,,,,,,,,,,,,,,,,,
14018,ELICINA,38,,,,,,,,,,,,,,,,,,
15426,CAROZZI,38,,,,,,,,,,,,,,,,,,
12909,DIAGEO,38,,,,,,,,,,,,,,,,,,
15993,AXON,38,,,,,,,,,,,,,,,,,,
14943,SALMONES MULTI X,38,,,,,,,,,,,,,,,,,,
14906,SALMONES MULTI X,38,,,,,,,,,,,,,,,,,,
16031,JUAN BASS,38,,,,,,,,,,,,,,,,,,
16588,LABOMED,38,,,,,,,,,,,,,,,,,,
3579,CIA PISQUERA,38,,,,,,,,,,,,,,,,,,
13589,CIA PISQUERA,38,,,,,,,,,,,,,,,,,,
12215,FRUSELVA,38,,,,,,,,,,,,,,,,,,
14960,CAFE DO BRASIL,29,,,,,,,,,,,,,,,,,,
13893,COLLICO,39,,,,,,,,,,,,,,,,,,
41405,FORUS,39,,,,,,,,,,,,,,,,,,
13745,FORUS,39,,,,,,,,,,,,,,,,,,
10548,KNOP,39,,,,,,,,,,,,,,,,,,
6744,KNOP,39,,,,,,,,,,,,,,,,,,
10151,DACCARET,39,,,,,,,,,,,,,,,,,,
10854,DACCARET,39,,,,,,,,,,,,,,,,,,
10974,KNOP,39,CASILLERO AZUL,,,,,,,,,,,,,,,,,
5783,ELANCO,39,,,,,,,,,,,,,,,,,,
12419,SERVICIOS,39,,,,,,,,,,,,,,,,,,
12262,PETRIZZIO,39,,,,,,,,,,,,,,,,,,
12772,PETRIZZIO,39,,,,,,,,,,,,,,,,,,
16568,JUAN BASS,39,,,,,,,,,,,,,,,,,,
13191,JUAN BASS,39,,,,,,,,,,,,,,,,,,
10797,UNILEVER,39,,,,,,,,,,,,,,,,,,
8650,INVERMAR,39,,,,,,,,,,,,,,,,,,
10257,TRENDY,39,,,,,,,,,,,,,,,,,,
13124,MIGUEL TORRES,39,,,,,,,,,,,,,,,,,,
12845,PERNOD MICA,39,,,,,,,,,,,,,,,,,,
10626,MEDIPHARM,39,,,,,,,,,,,,,,,,,,
12717,NOVARTIS,39,,,,,,,,,,,,,,,,,,
12308,ELANCO,39,,,,,,,,,,,,,,,,,,
16389,AXON,39,,,,,,,,,,,,,,,,,,
11963,QUILLAYES,39,,,,,,,,,,,,,,,,,,
11134,DIAGEO,39,,,,,,,,,,,,,,,,,,
16618,BAGO,39,,,,,,,,,,,,,,,,,,
14969,BAGO,39,,,,,,,,,,,,,,,,,,
2729,SANITAS,39,,,,,,,,,,,,,,,,,,
14170,ID LOGISTICS,39,,,,,,,,,,,,,,,,,,
12252,PISQUERA,39,,,,,,,,,,,,,,,,,,
11878,ESAN,39,,,,,,,,,,,,,,,,,,
10152,DACCARET,39,,,,,,,,,,,,,,,,,,
13980,VIDA SALUDABLE,39,,,,,,,,,,,,,,,,,,
11222,CAROZZI,39,,,,,,,,,,,,,,,,,,
16595,UNILEVER,39,,,,,,,,,,,,,,,,,,
13567,UNILEVER,39,,,,,,,,,,,,,,,,,,
9971,SALMONES MULTI X,39,,,,,,,,,,,,,,,,,,
13112,NOVA VERDE,39,,,,,,,,,,,,,,,,,,
11546,PFIZER,39,,,,,,,,,,,,,,,,,,
6689,VIÑEDO,39,,,,,,,,,,,,,,,,,,
14613,FRUSELVA,39,,,,,,,,,,,,,,,,,,
16594,UNILEVER,39,,,,,,,,,,,,,,,,,,
12020,SOUTH WIND,39,,,,,,,,,,,,,,,,,,
9913,BARON PHILIPE,39,,,,,,,,,,,,,,,,,,
6703,QUILLAYES,39,,,,,,,,,,,,,,,,,,
M000525,BAGO,39,P007223,,,,,,,,,,,,,,,,,
M000518,BLUNDING,39,P007406,,,,,,,,,,,,,,,,,
M000119,ID LOGISTICS,39,P005667 / P005668,,,,,,,,,,,,,,,,,
M000115,ICB,39,P007252,,,,,,,,,,,,,,,,,
M000545,SANTA EMA,39,P007477,,,,,,,,,,,,,,,,,
M000548,SYNTHON,39,P002181,,,,,,,,,,,,,,,,,
M000561,CAROZZI,39,P007498,,,,,,,,,,,,,,,,,
M000543,DAVIS,39,P006631,,,,,,,,,,,,,,,,,
M000537,CALETA BAY,39,P007478,,,,,,,,,,,,,,,,,
M000550,DAVIS,39,P002369,,,,,,,,,,,,,,,,,
M000539,ZOETIS,39,P006659,,,,,,,,,,,,,,,,,
M000531,ALIMENTOS Y FRUTOS,39,P005477,,,,,,,,,,,,,,,,,
M000541,ZOETIS,39,P003183,,,,,,,,,,,,,,,,,
M000540,ZOETIS,39,P007402,,,,,,,,,,,,,,,,,
M000522,BIOSANO,39,P0004056,,,,,,,,,,,,,,,,,
13533,BLUNDING,39,P002102,,,,,,,,,,,,,,,,,
M000532,HH CHILE,39,P007486,,,,,,,,,,,,,,,,,
M000519,SYNTHON,39,P002360,,,,,,,,,,,,,,,,,
12428,BDF,40,,,,,,,,,,,,,,,,,,
15946,CHILE,40,,,,,,,,,,,,,,,,,,
15897,UNILEVER,40,,,,,,,,,,,,,,,,,,
10759,SALMONES MULTI X,40,,,,,,,,,,,,,,,,,,
11006,RECALCINE,40,,,,,,,,,,,,,,,,,,
16611,CHILE,40,,,,,,,,,,,,,,,,,,
16544,SALMONES MULTI X,40,,,,,,,,,,,,,,,,,,
15709,DENTAID,40,,,,,,,,,,,,,,,,,,
13333,DENTAID,40,,,,,,,,,,,,,,,,,,
13623,MEDIPHARM,40,,,,,,,,,,,,,,,,,,
11555,SAN PEDRO,40,,,,,,,,,,,,,,,,,,
14766,SALMONES MULTI X,40,,,,,,,,,,,,,,,,,,
9738,SALMONES MULTI X,40,,,,,,,,,,,,,,,,,,
13387,PETRIZZIO,40,,,,,,,,,,,,,,,,,,
14783,DACCARET,40,,,,,,,,,,,,,,,,,,
10373,DIAGEO,40,,,,,,,,,,,,,,,,,,
1849,NOVARTIS,40,,,,,,,,,,,,,,,,,,
13208,SALMONES MULTI X,40,,,,,,,,,,,,,,,,,,
13324,PETRIZZIO,40,,,,,,,,,,,,,,,,,,
2791,CHILE,40,,,,,,,,,,,,,,,,,,
13536,VITAMINES,40,,,,,,,,,,,,,,,,,,
14225,SALMONES MULTI X,40,,,,,,,,,,,,,,,,,,
9514,SAN FRANCISCO,40,,,,,,,,,,,,,,,,,,
8521,SALMONES MULTI X,40,,,,,,,,,,,,,,,,,,
12280,PETRIZZIO,40,,,,,,,,,,,,,,,,,,
13904,ELANCO,40,,,,,,,,,,,,,,,,,,
14561,SERVICIOS DE ALIMENTACION,40,,,,,,,,,,,,,,,,,,
13619,SAVAL,40,,,,,,,,,,,,,,,,,,
10699,SEVEN PHARMA,40,,,,,,,,,,,,,,,,,,
5726,DIAGEO MICA,40,,,,,,,,,,,,,,,,,,
4122,PISQUERA MICA,40,,,,,,,,,,,,,,,,,,
13299,PERNOD MICA,40,,,,,,,,,,,,,,,,,,
9785,NOVARTIS,40,,,,,,,,,,,,,,,,,,
13470,PETRIZZIO,40,,,,,,,,,,,,,,,,,,
13361,DP ALIMENTOS,40,,,,,,,,,,,,,,,,,,
5691,DIAGEO,40,,,,,,,,,,,,,,,,,,
14462,DOS EN UNO,40,,,,,,,,,,,,,,,,,,
15290,DOS EN UNO,40,,,,,,,,,,,,,,,,,,
15221,DAVIS,40,,,,,,,,,,,,,,,,,,
11663,DENTAID,40,,,,,,,,,,,,,,,,,,
14273,DENTAID,40,,,,,,,,,,,,,,,,,,
2605,BALLERINA,40,,,,,,,,,,,,,,,,,,
12010,NOVARTIS,41,,,,,,,,,,,,,,,,,,
2086,NOVARTIS,41,,,,,,,,,,,,,,,,,,
14729,NOVARTIS,41,,,,,,,,,,,,,,,,,,
3654,NOVARTIS,41,,,,,,,,,,,,,,,,,,
7347,NOVARTIS,41,,,,,,,,,,,,,,,,,,
3475,NOVARTIS,41,,,,,,,,,,,,,,,,,,
10765,NOVARTIS,41,,,,,,,,,,,,,,,,,,
7903,NOVARTIS,41,,,,,,,,,,,,,,,,,,
3961,NOVARTIS,41,,,,,,,,,,,,,,,,,,
12015,NOVARTIS,41,,,,,,,,,,,,,,,,,,
11496,NOVARTIS,41,,,,,,,,,,,,,,,,,,
11347,NOVARTIS,41,,,,,,,,,,,,,,,,,,
11683,NOVARTIS,41,,,,,,,,,,,,,,,,,,
12239,NOVARTIS,41,,,,,,,,,,,,,,,,,,
15361,NOVARTIS,41,,,,,,,,,,,,,,,,,,
13543,NOVARTIS,41,,,,,,,,,,,,,,,,,,
14932,NOVARTIS,41,,,,,,,,,,,,,,,,,,
8384,NOVARTIS,41,,,,,,,,,,,,,,,,,,
13311,NOVARTIS,41,,,,,,,,,,,,,,,,,,
13812,NOVARTIS,41,,,,,,,,,,,,,,,,,,
11541,NOVARTIS,41,,,,,,,,,,,,,,,,,,
11816,NOVARTIS,41,,,,,,,,,,,,,,,,,,
14632,NOVARTIS,41,,,,,,,,,,,,,,,,,,
2452,NOVARTIS,41,,,,,,,,,,,,,,,,,,
3407,NOVARTIS,41,,,,,,,,,,,,,,,,,,
11270,NOVARTIS,41,,,,,,,,,,,,,,,,,,
14415,NOVARTIS,41,,,,,,,,,,,,,,,,,,
2325,NOVARTIS,41,,,,,,,,,,,,,,,,,,
10278,NOVARTIS,41,,,,,,,,,,,,,,,,,,
5361,NOVARTIS,41,,,,,,,,,,,,,,,,,,
5139,NOVARTIS,41,,,,,,,,,,,,,,,,,,
9367,NOVARTIS,41,,,,,,,,,,,,,,,,,,
12011,NOVARTIS,42,,,,,,,,,,,,,,,,,,
3118,NOVARTIS,42,,,,,,,,,,,,,,,,,,
788,NOVARTIS,42,,,,,,,,,,,,,,,,,,
15052,NOVARTIS,42,,,,,,,,,,,,,,,,,,
6690,ELANCO,42,,,,,,,,,,,,,,,,,,
6633,SAN PEDRO,42,,,,,,,,,,,,,,,,,,
6728,SAN PEDRO,42,,,,,,,,,,,,,,,,,,
2182,DAVIS,42,,,,,,,,,,,,,,,,,,
11458,MIGUEL TORRES,42,,,,,,,,,,,,,,,,,,
13903,DENTAID,42,,,,,,,,,,,,,,,,,,
,ELANCO,42,,,,,,,,,,,,,,,,,,
14252,PAPA JOHNS,42,,,,,,,,,,,,,,,,,,
10757,KROSS,42,,,,,,,,,,,,,,,,,,
11575,NG,42,,,,,,,,,,,,,,,,,,
6621,CONCHA Y TORO,42,,,,,,,,,,,,,,,,,,
14125,DOS EN UNO,42,,,,,,,,,,,,,,,,,,
11487,SALMONES MULTI X,43,,,,,,,,,,,,,,,,,,
2969,CONCHA Y TORO,43,,,,,,,,,,,,,,,,,,
9598,FRUTICOLA,43,,,,,,,,,,,,,,,,,,
9406,AURORA AUSTRAL,43,,,,,,,,,,,,,,,,,,
11573,ELANCO,43,,,,,,,,,,,,,,,,,,
11038,DIAGEO,43,,,,,,,,,,,,,,,,,,
15825,CONCHA Y TORO,43,,,,,,,,,,,,,,,,,,
11029,CIA PISQUERA,43,,,,,,,,,,,,,,,,,,
4439,CIA PISQUERA,43,,,,,,,,,,,,,,,,,,
14034,SUPER FRUIT,43,,,,,,,,,,,,,,,,,,
4302,CONCHA Y TORO,43,,,,,,,,,,,,,,,,,,
14065,CHILE XPRESS,43,,,,,,,,,,,,,,,,,,
11523,KNOP,43,,,,,,,,,,,,,,,,,,
17665,MULTI X,43,,,,,,,,,,,,,,,,,,
,PRUEBAS MICAS,44,,,,,,,,,,,,,,,,,,
10093,CIA PISQUERA MICA,44,,,,,,,,,,,,,,,,,,
14394,LA ROSA,44,,,,,,,,,,,,,,,,,,
28728,LA ROSA,44,,,,,,,,,,,,,,,,,,
8501,BLUNDING,44,,,,,,,,,,,,,,,,,,
1734,DIAGEO,44,,,,,,,,,,,,,,,,,,
15147,DAVIS,44,,,,,,,,,,,,,,,,,,
12765,NOVARTIS,44,,,,,,,,,,,,,,,,,,
10588,LABOMED,44,,,,,,,,,,,,,,,,,,
3456,BLUNDING,44,,,,,,,,,,,,,,,,,,
1025,CASAS PATRONALES,45,,,,,,,,,,,,,,,,,,
3141,CASAS PATRONALES,45,,,,,,,,,,,,,,,,,,
14126,DOS EN UNO,45,,,,,,,,,,,,,,,,,,
1977,CASAS PATRONALES,45,,,,,,,,,,,,,,,,,,
14578,SANTA RITA,45,,,,,,,,,,,,,,,,,,
13881,NOVARTIS,45,,,,,,,,,,,,,,,,,,
13870,FRUSELVA,45,,,,,,,,,,,,,,,,,,
18817,NOVARTIS,45,,,,,,,,,,,,,,,,,,
18794,BIOSANO,45,,,,,,,,,,,,,,,,,,
18770,DAVIS,45,,,,,,,,,,,,,,,,,,
18797,PERNOD,45,,,,,,,,,,,,,,,,,,
18781,SANTA ROSA,45,,,,,,,,,,,,,,,,,,
18777,SYNTHON,45,,,,,,,,,,,,,,,,,,
18738,JHONSON Y JHONSON,45,,,,,,,,,,,,,,,,,,
18769,RECALCINE,45,,,,,,,,,,,,,,,,,,
18757,SYNTHON,45,,,,,,,,,,,,,,,,,,
18768,CARNES ÑUBLE,45,,,,,,,,,,,,,,,,,,
P007118,NICO FARET,45,,,,,,,,,,,,,,,,,,
18748,BIOSANO,45,,,,,,,,,,,,,,,,,,
18736,SYNTHON,45,,,,,,,,,,,,,,,,,,
14001,CARNES ÑUBLE,45,,,,,,,,,,,,,,,,,,
11537,CAROZZI,45,,,,,,,,,,,,,,,,,,
11534,CAROZZI,45,,,,,,,,,,,,,,,,,,
11535,CAROZZI,45,,,,,,,,,,,,,,,,,,
14124,PERNOD,45,,,,,,,,,,,,,,,,,,
18739,SAVAL,45,,,,,,,,,,,,,,,,,,
18702,RECALCINE,45,,,,,,,,,,,,,,,,,,
18718,CONCHA Y TORO,45,,,,,,,,,,,,,,,,,,
18684,ENTRE LAGOS,45,,,,,,,,,,,,,,,,,,
18686,CHOCOLATERIA,45,,,,,,,,,,,,,,,,,,
18916,ALIMENTOS Y FRUTOS,45,P006851,,,,,,,,,,,,,,,,,
18917,UNILEVER,45,,,,,,,,,,,,,,,,,,
18923,DAVIS,45,,,,,,,,,,,,,,,,,,
18924,RECALCINE,45,,,,,,,,,,,,,,,,,,
18913,RECALCINE,45,,,,,,,,,,,,,,,,,,
18914,NOVAVERDE,45,,,,,,,,,,,,,,,,,,
18905,FOTOMAR,45,,,,,,,,,,,,,,,,,,
18907,DAVIS,45,,,,,,,,,,,,,,,,,,
18899,RECALCINE,45,,,,,,,,,,,,,,,,,,
12180,VIU MANENT,45,,,,,,,,,,,,,,,,,,
5982,ALPES,46,,,,,,,,,,,,,,,,,,
14296,FRUSELVA,46,,,,,,,,,,,,,,,,,,
14246,ELANCO,46,,,,,,,,,,,,,,,,,,
14740,JUAN BASS,46,,,,,,,,,,,,,,,,,,
14449,SAN PEDRO,46,,,,,,,,,,,,,,,,,,
12872,CERVECERIA,46,,,,,,,,,,,,,,,,,,
4865,CHILE,46,,,,,,,,,,,,,,,,,,
15326,CHILE XPRESS,46,,,,,,,,,,,,,,,,,,
14577,DOS EN UNO,46,,,,,,,,,,,,,,,,,,
18874,JONHSON,46,,,,,,,,,,,,,,,,,,
18881,UNILEVER,46,,,,,,,,,,,,,,,,,,
18870,RECALCINE,46,,,,,,,,,,,,,,,,,,
18853,DAVIS DEL CURTO,46,,,,,,,,,,,,,,,,,,
18803,SANTA ROSA,46,,,,,,,,,,,,,,,,,,
M000083,PETRIZZIO,46,P007460,,,,,,,,,,,,,,,,,
12258,SALMONES MULTI X,47,,,,,,,,,,,,,,,,,,
4954,ELICINA,47,,,,,,,,,,,,,,,,,,
4793,CHILE,47,,,,,,,,,,,,,,,,,,
14084,ALPES,47,,,,,,,,,,,,,,,,,,
14257,DIAGEO,47,,,,,,,,,,,,,,,,,,
4796,DIAGEO,47,,,,,,,,,,,,,,,,,,
13856,DENTAID,47,,,,,,,,,,,,,,,,,,
12677,DENTAID,47,,,,,,,,,,,,,,,,,,
14655,DENTAID,47,,,,,,,,,,,,,,,,,,
14604,DENTAID,47,,,,,,,,,,,,,,,,,,
13915,DENTAID,47,,,,,,,,,,,,,,,,,,
12304,DENTAID,47,,,,,,,,,,,,,,,,,,
15296,DENTAID,47,,,,,,,,,,,,,,,,,,
15325,DENTAID,47,,,,,,,,,,,,,,,,,,
13718,DIAGEO,47,,,,,,,,,,,,,,,,,,
13914,CHILE XPRESS,47,,,,,,,,,,,,,,,,,,
4947,ORPIRA,47,,,,,,,,,,,,,,,,,,
4754,ORPIRA,47,,,,,,,,,,,,,,,,,,
14702,ORPIRA,47,,,,,,,,,,,,,,,,,,
15035,CAFE DO BRASIL,38,,,,,,,,,,,,,,,,,,
15017,AG SERVICIOS,38,,,,,,,,,,,,,,,,,,
12885,DIAGEO,48,,,,,,,,,,,,,,,,,,
12871,DIAGEO,48,,,,,,,,,,,,,,,,,,
12625,ENTEL,48,,,,,,,,,,,,,,,,,,
13160,SAVAL,48,,,,,,,,,,,,,,,,,,
4735,CIA PISQUERA,48,,,,,,,,,,,,,,,,,,
15189,SALMONES MULTI X,38,,,,,,,,,,,,,,,,,,
4985,BDF,48,,,,,,,,,,,,,,,,,,
453,BANDEJA CASINO,48,,,,,,,,,,,,,,,,,,
5003,FIBROSONOCO,48,,,,,,,,,,,,,,,,,,
2307,CERVECERIA,48,,,,,,,,,,,,,,,,,,
13158,FRUSELVA,48,,,,,,,,,,,,,,,,,,
14238,SALMONES MULTI X,38,,,,,,,,,,,,,,,,,,
16476,DIAGEO,38,,,,,,,,,,,,,,,,,,
16267,SALMONES MULTI X,38,,,,,,,,,,,,,,,,,,
15316,SALMONES MULTI X,38,,,,,,,,,,,,,,,,,,
15377,SALMONES MULTI X,38,,,,,,,,,,,,,,,,,,
13157,SALMONES MULTI X,49,,,,,,,,,,,,,,,,,,
15773,SALMONES MULTI X,49,,,,,,,,,,,,,,,,,,
9838,SALMONES MULTI X,49,,,,,,,,,,,,,,,,,,
14356,SALMONES MULTI X,49,,,,,,,,,,,,,,,,,,
14465,SALMONES MULTI X,49,,,,,,,,,,,,,,,,,,
9130,SALMONES MULTI X,49,,,,,,,,,,,,,,,,,,
13368,SALMONES MULTI X,49,,,,,,,,,,,,,,,,,,
12869,SALMONES MULTI X,49,,,,,,,,,,,,,,,,,,
12080,SALMONES MULTI X,49,,,,,,,,,,,,,,,,,,
12586,SALMONES MULTI X,49,,,,,,,,,,,,,,,,,,
10923,SALMONES MULTI X,49,,,,,,,,,,,,,,,,,,
14559,SALMONES MULTI X,49,,,,,,,,,,,,,,,,,,
13749,SALMONES MULTI X,49,,,,,,,,,,,,,,,,,,
12395,SALMONES MULTI X,49,,,,,,,,,,,,,,,,,,
8747,SALMONES MULTI X,49,,,,,,,,,,,,,,,,,,
9109,SALMONES MULTI X,49,,,,,,,,,,,,,,,,,,
11463,SALMONES MULTI X,49,,,,,,,,,,,,,,,,,,
13952,SALMONES MULTI X,49,,,,,,,,,,,,,,,,,,
16452,SOUTH WIND,38,,,,,,,,,,,,,,,,,,
6993,ALPES,50,,,,,,,,,,,,,,,,,,
14882,SALMONES MULTI X,50,,,,,,,,,,,,,,,,,,
13771,SALMONES MULTI X,50,,,,,,,,,,,,,,,,,,
4754,CIA PISQUERA,50,,,,,,,,,,,,,,,,,,
4753,DIAGEO,50,,,,,,,,,,,,,,,,,,
6869,MICA,50,,,,,,,,,,,,,,,,,,
13333,DENTAID,50,,,,,,,,,,,,,,,,,,
5142,DENTAID,50,,,,,,,,,,,,,,,,,,
3288,BLUNDING,50,,,,,,,,,,,,,,,,,,
5235,NOVARTIS,51,,,,,,,,,,,,,,,,,,
1884,FAJA,51,,,,,,,,,,,,,,,,,,
1854,BRANDY BOTELLA,51,,,,,,,,,,,,,,,,,,
1854,BRANDY BOTELLA,51,,,,,,,,,,,,,,,,,,
8876,CONCHA Y TORO,51,,,,,,,,,,,,,,,,,,
8814,VIÑA CDF JELL,51,,,,,,,,,,,,,,,,,,
6961,DIAGEO,51,,,,,,,,,,,,,,,,,,
9974,PESQUERA TRANS ATLANTIC,51,,,,,,,,,,,,,,,,,,
13518,DIAGEO,51,,,,,,,,,,,,,,,,,,
2138,PETRIZZIO,51,,,,,,,,,,,,,,,,,,
5731,BAGO,51,,,,,,,,,,,,,,,,,,
16468,SOUTH WIND,38,,,,,,,,,,,,,,,,,,
11756,NOVA VERDE,52,,,,,,,,,,,,,,,,,,
15513,PERNOD,53,,,,,,,,,,,,,,,,,,
13178,DENTAID,52,,,,,,,,,,,,,,,,,,
13111,ELANCO,52,,,,,,,,,,,,,,,,,,
13185,CHILE XPRESS,52,,,,,,,,,,,,,,,,,,
6869,ABBOT,52,,,,,,,,,,,,,,,,,,
11561,VIÑA KOYLE,52,,,,,,,,,,,,,,,,,,
11548,SAN PEDRO,52,,,,,,,,,,,,,,,,,,
4743,CERVECERIA,52,,,,,,,,,,,,,,,,,,
15302,NOVARTIS,38,,,,,,,,,,,,,,,,,,
15207,PAPA JOHNS,53,,,,,,,,,,,,,,,,,,
12954,DIAGEO,53,,,,,,,,,,,,,,,,,,
12682,DIAGEO,53,,,,,,,,,,,,,,,,,,
12247,PAPA JOHNS,53,,,,,,,,,,,,,,,,,,
12862,CAROZZI,53,,,,,,,,,,,,,,,,,,
12842,SALMONES MULTI X,53,,,,,,,,,,,,,,,,,,
1512,ENTEL,53,,,,,,,,,,,,,,,,,,
12205,SYNTHON,53,,,,,,,,,,,,,,,,,,
12577,CAROZZI,53,,,,,,,,,,,,,,,,,,
11091,VIU MANENT,53,,,,,,,,,,,,,,,,,,
15053,DIAGEO,38,,,,,,,,,,,,,,,,,,
15227,SALMONES MULTI X,53,,,,,,,,,,,,,,,,,,
14603,SALMONES MULTI X,53,,,,,,,,,,,,,,,,,,
14503,DACCARETT,53,,,,,,,,,,,,,,,,,,
5137,CASAS PATRONALES,53,,,,,,,,,,,,,,,,,,
13950,KNOP,53,,,,,,,,,,,,,,,,,,
12905,DIAGEO,53,,,,,,,,,,,,,,,,,,
12971,NOVARTIS,53,,,,,,,,,,,,,,,,,,
12961,NOVARTIS,53,,,,,,,,,,,,,,,,,,
3209,PHARMA INVESTI,54,,,,,,,,,,,,,,,,,,
3720,PHARMA INVESTI,54,,,,,,,,,,,,,,,,,,
4020,PHARMA INVESTI,54,,,,,,,,,,,,,,,,,,
1932,ENTEL,54,,,,,,,,,,,,,,,,,,
2092,CHILE REPO,54,,,,,,,,,,,,,,,,,,
15394,CAROZZI,54,,,,,,,,,,,,,,,,,,
7127,MIGUEL TORRES,54,,,,,,,,,,,,,,,,,,
7128,MIGUEL TORRES,54,,,,,,,,,,,,,,,,,,
8201,MIGUEL TORRES,54,,,,,,,,,,,,,,,,,,
2106,MIGUEL TORRES,54,,,,,,,,,,,,,,,,,,
10425,TORRES,54,,,,,,,,,,,,,,,,,,
1258,MIGUEL TORRES,54,,,,,,,,,,,,,,,,,,
5272,MIGUEL TORRES,54,,,,,,,,,,,,,,,,,,
1871,MIGUEL TORRES,54,,,,,,,,,,,,,,,,,,
8603,ARZTIA,54,,,,,,,,,,,,,,,,,,
10194,KNOP,54,,,,,,,,,,,,,,,,,,
9439,KNOP,54,,,,,,,,,,,,,,,,,,
2345,KNOP,54,,,,,,,,,,,,,,,,,,
19346,DAVIS,54,,,,,,,,,,,,,,,,,,
19127,CAROZZI,54,,,,,,,,,,,,,,,,,,
19351,SYNTHON,54,,,,,,,,,,,,,,,,,,
19384,APOSTOLES,54,,,,,,,,,,,,,,,,,,
M000094,BLUNDING,54,P007604,,,,,,,,,,,,,,,,,
M000120 / 19372,BAGO,54,,,,,,,,,,,,,,,,,,
19266,PETRIZZIO,54,,,,,,,,,,,,,,,,,,
19197,BIOSANO,54,,,,,,,,,,,,,,,,,,
M000033 / 19158,EXTREMO SUR,54,,,,,,,,,,,,,,,,,,
19177,SYNTHON,54,,,,,,,,,,,,,,,,,,
19215,RECALCINE,54,,,,,,,,,,,,,,,,,,
19237,APOSTOLES,54,,,,,,,,,,,,,,,,,,
M000059,LOGISTIC,54,P006720,,,,,,,,,,,,,,,,,
14837,FARET,54,,,,,,,,,,,,,,,,,,
19240,APOSTOLES,54,,,,,,,,,,,,,,,,,,
19267,SAVAL,54,,,,,,,,,,,,,,,,,,
19239,BAGO,54,,,,,,,,,,,,,,,,,,
19281,RECALCINE,54,,,,,,,,,,,,,,,,,,
19247,NOVARTIS,54,,,,,,,,,,,,,,,,,,
19298,SAVAL,54,,,,,,,,,,,,,,,,,,
19262,PETRIZZIO,54,,,,,,,,,,,,,,,,,,
18313,LEVADURA COLLICO,54,P002447,,,,,,,,,,,,,,,,,
19340,PRIMERA PUERTA,54,,,,,,,,,,,,,,,,,,
M000076 / 19289,ICB,52,P003429,,,,,,,,,,,,,,,,,
19256,PETRIZZIO,54,,,,,,,,,,,,,,,,,,
1521,ENTEL,55,,,,,,,,,,,,,,,,,,
1825,ENTEL,55,,,,,,,,,,,,,,,,,,
4421,ENTEL,55,,,,,,,,,,,,,,,,,,
2422,ENTEL,55,,,,,,,,,,,,,,,,,,
1511,ENTEL,55,,,,,,,,,,,,,,,,,,
1514,ENTEL,55,,,,,,,,,,,,,,,,,,
3201,ENTEL,55,,,,,,,,,,,,,,,,,,
15403,PRIMERA PUERTA,55,,,,,,,,,,,,,,,,,,
12160,VENTANAS,55,,,,,,,,,,,,,,,,,,
15054,DIAGEO,55,,,,,,,,,,,,,,,,,,
14320,CHILE XPRESS,55,,,,,,,,,,,,,,,,,,
6203,PERNOD,55,,,,,,,,,,,,,,,,,,
12161,DENTAID,55,,,,,,,,,,,,,,,,,,
14491,CAFE DO BRASIL,55,,,,,,,,,,,,,,,,,,
12227,BARON PHILLIPPE,55,,,,,,,,,,,,,,,,,,
10414,NOVARTIS,55,,,,,,,,,,,,,,,,,,
10270,NOVARTIS,55,,,,,,,,,,,,,,,,,,
4239,NOVARTIS,55,,,,,,,,,,,,,,,,,,
12717,NOVARTIS,55,,,,,,,,,,,,,,,,,,
8721,NOVARTIS,55,,,,,,,,,,,,,,,,,,
14731,NOVARTIS,55,,,,,,,,,,,,,,,,,,
1848,NOVARTIS,55,,,,,,,,,,,,,,,,,,
18969,KNOP,55,,,,,,,,,,,,,,,,,,
18966,AXON,55,,,,,,,,,,,,,,,,,,
18986,AGRICOLA LLAHUEN,55,,,,,,,,,,,,,,,,,,
18956,AGROMERCE,55,,,,,,,,,,,,,,,,,,
18997,DIAGEO,55,,,,,,,,,,,,,,,,,,
17461,DAVIS,55,,,,,,,,,,,,,,,,,,
18980,DAVIS,55,,,,,,,,,,,,,,,,,,
18976,UNILEVER,55,,,,,,,,,,,,,,,,,,
19045,RESTO MARKET,55,,,,,,,,,,,,,,,,,,
19009,ZOETIS,55,,,,,,,,,,,,,,,,,,
18973,ABBOT,55,,,,,,,,,,,,,,,,,,
18126,SADOR,55,,,,,,,,,,,,,,,,,,
16279,CAROZZI,55,,,,,,,,,,,,,,,,,,
2947,NOVARTIS,55,,,,,,,,,,,,,,,,,,
19074,BIOSANO,55,,,,,,,,,,,,,,,,,,
18960,SYNTHON,55,,,,,,,,,,,,,,,,,,
18959,SYNTHON,55,,,,,,,,,,,,,,,,,,
18953,RECALCINE,55,,,,,,,,,,,,,,,,,,
18972,DOLE,55,,,,,,,,,,,,,,,,,,
18939,ICB,55,,,,,,,,,,,,,,,,,,
18933,BAGO,55,,,,,,,,,,,,,,,,,,
18895,BIOSANO,55,,,,,,,,,,,,,,,,,,
M000034,BAGO,55,,,,,,,,,,,,,,,,,,
M000030,RECALCINE,55,,,,,,,,,,,,,,,,,,
19139,SYNTHON,55,,,,,,,,,,,,,,,,,,
19035,BLUNDING,55,,,,,,,,,,,,,,,,,,
19079,CAROZZI,54,P001383,,,,,,,,,,,,,,,,,
19039,GENOMMA,55,,,,,,,,,,,,,,,,,,
19036,BLUNDING,55,,,,,,,,,,,,,,,,,,
19082,AG SERVICIOS,55,,,,,,,,,,,,,,,,,,
19121,NOVARTIS,55,,,,,,,,,,,,,,,,,,
19100,BAGO,55,,,,,,,,,,,,,,,,,,
M000390,MULTI X,55,,,,,,,,,,,,,,,,,,
13920,NOVARTIS,55,,,,,,,,,,,,,,,,,,
8890,NOVARTIS,56,,,,,,,,,,,,,,,,,,
15038,NOVARTIS,56,,,,,,,,,,,,,,,,,,
9570,NOVARTIS,56,,,,,,,,,,,,,,,,,,
5725,NOVARTIS,56,,,,,,,,,,,,,,,,,,
5208,NOVARTIS,56,,,,,,,,,,,,,,,,,,
4022,NOVARTIS,56,,,,,,,,,,,,,,,,,,
3177,NOVARTIS,56,,,,,,,,,,,,,,,,,,
2159,NOVARTIS,56,,,,,,,,,,,,,,,,,,
5154,NOVARTIS,56,,,,,,,,,,,,,,,,,,
2536,NOVARTIS,56,,,,,,,,,,,,,,,,,,
4840,NOVARTIS,56,,,,,,,,,,,,,,,,,,
4834,NOVARTIS,56,,,,,,,,,,,,,,,,,,
8562,NOVARTIS,56,,,,,,,,,,,,,,,,,,
1425,NOVARTIS,56,,,,,,,,,,,,,,,,,,
3235,NOVARTIS,56,,,,,,,,,,,,,,,,,,
3529,NOVARTIS,56,,,,,,,,,,,,,,,,,,
3500,NOVARTIS,56,,,,,,,,,,,,,,,,,,
3409,NOVARTIS,56,,,,,,,,,,,,,,,,,,
3413,NOVARTIS,56,,,,,,,,,,,,,,,,,,
3414,NOVARTIS,56,,,,,,,,,,,,,,,,,,
3686,NOVARTIS,56,,,,,,,,,,,,,,,,,,
3569,NOVARTIS,56,,,,,,,,,,,,,,,,,,
3968,NOVARTIS,56,,,,,,,,,,,,,,,,,,
3710,NOVARTIS,56,,,,,,,,,,,,,,,,,,
3973,NOVARTIS,56,,,,,,,,,,,,,,,,,,
46209,NOVARTIS,56,,,,,,,,,,,,,,,,,,
4710,NOVARTIS,56,,,,,,,,,,,,,,,,,,
2538,NOVARTIS,56,,,,,,,,,,,,,,,,,,
4205,NOVARTIS,56,,,,,,,,,,,,,,,,,,
4656,NOVARTIS,56,,,,,,,,,,,,,,,,,,
4538,NOVARTIS,56,,,,,,,,,,,,,,,,,,
4417,NOVARTIS,56,,,,,,,,,,,,,,,,,,
14412,ID LOGISTIC,56,,,,,,,,,,,,,,,,,,
7441,PETRIZZIO MICA,56,,,,,,,,,,,,,,,,,,
11128,NOVARTIS,57,,,,,,,,,,,,,,,,,,
2526,NOVARTIS,57,,,,,,,,,,,,,,,,,,
9020,NOVARTIS,57,,,,,,,,,,,,,,,,,,
2453,NOVARTIS,57,,,,,,,,,,,,,,,,,,
7549,NOVARTIS,57,,,,,,,,,,,,,,,,,,
5580,NOVARTIS,57,,,,,,,,,,,,,,,,,,
13882,NOVARTIS,57,,,,,,,,,,,,,,,,,,
PRUEBA,NOVARTIS,57,,,,,,,,,,,,,,,,,,
3263,NOVARTIS,57,,,,,,,,,,,,,,,,,,
8306,NOVARTIS,57,,,,,,,,,,,,,,,,,,
2296,NOVARTIS,57,,,,,,,,,,,,,,,,,,
5231,NOVARTIS,57,,,,,,,,,,,,,,,,,,
7466,NOVARTIS,57,,,,,,,,,,,,,,,,,,
3474,NOVARTIS,57,,,,,,,,,,,,,,,,,,
484,NOVARTIS,57,,,,,,,,,,,,,,,,,,
2095,NOVARTIS,57,,,,,,,,,,,,,,,,,,
3065,NOVARTIS,57,,,,,,,,,,,,,,,,,,
2898,NOVARTIS,57,,,,,,,,,,,,,,,,,,
4634,NOVARTIS,57,,,,,,,,,,,,,,,,,,
9021,NOVARTIS,57,,,,,,,,,,,,,,,,,,
10579,NOVARTIS,57,,,,,,,,,,,,,,,,,,
10492,NOVARTIS,57,,,,,,,,,,,,,,,,,,
5377,NOVARTIS,57,,,,,,,,,,,,,,,,,,
5376,NOVARTIS,57,,,,,,,,,,,,,,,,,,
1670,NOVARTIS,57,,,,,,,,,,,,,,,,,,
3693,NOVARTIS,57,,,,,,,,,,,,,,,,,,
10494,NOVARTIS,57,,,,,,,,,,,,,,,,,,
10495,NOVARTIS,57,,,,,,,,,,,,,,,,,,
8193,NOVARTIS,57,,,,,,,,,,,,,,,,,,
2778,NOVARTIS,57,,,,,,,,,,,,,,,,,,
893,NOVARTIS,57,,,,,,,,,,,,,,,,,,
5020,NOVARTIS,57,,,,,,,,,,,,,,,,,,
2084,NOVARTIS,57,,,,,,,,,,,,,,,,,,
2524,NOVARTIS,57,,,,,,,,,,,,,,,,,,
11795,ALPES,57,,,,,,,,,,,,,,,,,,
8428,NOVARTIS,58,,,,,,,,,,,,,,,,,,
13920,NOVARTIS,58,,,,,,,,,,,,,,,,,,
4808,NOVARTIS,58,,,,,,,,,,,,,,,,,,
4807,NOVARTIS,58,,,,,,,,,,,,,,,,,,
5362,NOVARTIS,58,,,,,,,,,,,,,,,,,,
11898,NOVARTIS,58,,,,,,,,,,,,,,,,,,
5568,NOVARTIS,58,,,,,,,,,,,,,,,,,,
7887,NOVARTIS,58,,,,,,,,,,,,,,,,,,
9044,NOVARTIS,58,,,,,,,,,,,,,,,,,,
3249,NOVARTIS,58,,,,,,,,,,,,,,,,,,
3833,NOVARTIS,58,,,,,,,,,,,,,,,,,,
9333,NOVARTIS,58,,,,,,,,,,,,,,,,,,
10103,NOVARTIS,58,,,,,,,,,,,,,,,,,,
11539,NOVARTIS,58,,,,,,,,,,,,,,,,,,
8892,NOVARTIS,58,,,,,,,,,,,,,,,,,,
2320,NOVARTIS,58,,,,,,,,,,,,,,,,,,
9611,NOVARTIS,58,,,,,,,,,,,,,,,,,,
3684,NOVARTIS,58,,,,,,,,,,,,,,,,,,
5155,NOVARTIS,58,,,,,,,,,,,,,,,,,,
3704,NOVARTIS,58,,,,,,,,,,,,,,,,,,
3007,NOVARTIS,58,,,,,,,,,,,,,,,,,,
2329,NOVARTIS,58,,,,,,,,,,,,,,,,,,
3065,NOVARTIS,58,,,,,,,,,,,,,,,,,,
7995,NOVARTIS,58,,,,,,,,,,,,,,,,,,
14174,FRAMBERRY,58,,,,,,,,,,,,,,,,,,
12580,ENTEL,58,,,,,,,,,,,,,,,,,,
10493,NOVARTIS,58,,,,,,,,,,,,,,,,,,
7882,NOVARTIS,58,,,,,,,,,,,,,,,,,,
7888,NOVARTIS,58,,,,,,,,,,,,,,,,,,
4858,SYNTHON,58,,,,,,,,,,,,,,,,,,
3118,NOVARTIS,58,,,,,,,,,,,,,,,,,,
6413,NOVARTIS,58,,,,,,,,,,,,,,,,,,
6412,NOVARTIS,58,,,,,,,,,,,,,,,,,,
7906,NOVARTIS,58,,,,,,,,,,,,,,,,,,
1201,NOVARTIS,58,,,,,,,,,,,,,,,,,,
1033,NOVARTIS,59,,,,,,,,,,,,,,,,,,
1003,NOVARTIS,59,,,,,,,,,,,,,,,,,,
1032,NOVARTIS,59,,,,,,,,,,,,,,,,,,
2083,NOVARTIS,59,,,,,,,,,,,,,,,,,,
3176,NOVARTIS,59,,,,,,,,,,,,,,,,,,
1117,NOVARTIS,59,,,,,,,,,,,,,,,,,,
3198,NOVARTIS,59,,,,,,,,,,,,,,,,,,
9722,NOVARTIS,59,,,,,,,,,,,,,,,,,,
1386,NOVARTIS,59,,,,,,,,,,,,,,,,,,
1363,NOVARTIS,59,,,,,,,,,,,,,,,,,,
1465,NOVARTIS,59,,,,,,,,,,,,,,,,,,
1599,NOVARTIS,59,,,,,,,,,,,,,,,,,,
1584,NOVARTIS,59,,,,,,,,,,,,,,,,,,
1552,NOVARTIS,59,,,,,,,,,,,,,,,,,,
4635,NOVARTIS,59,,,,,,,,,,,,,,,,,,
1408,NOVARTIS,59,,,,,,,,,,,,,,,,,,
1805,NOVARTIS,59,,,,,,,,,,,,,,,,,,
1806,NOVARTIS,59,,,,,,,,,,,,,,,,,,
2326,NOVARTIS,59,,,,,,,,,,,,,,,,,,
1678,NOVARTIS,59,,,,,,,,,,,,,,,,,,
2025,NOVARTIS,59,,,,,,,,,,,,,,,,,,
2017,NOVARTIS,59,,,,,,,,,,,,,,,,,,
2534,NOVARTIS,59,,,,,,,,,,,,,,,,,,
2094,NOVARTIS,59,,,,,,,,,,,,,,,,,,
4332,NOVARTIS,59,,,,,,,,,,,,,,,,,,
2352,NOVARTIS,59,,,,,,,,,,,,,,,,,,
2319,NOVARTIS,59,,,,,,,,,,,,,,,,,,
2451,NOVARTIS,59,,,,,,,,,,,,,,,,,,
2519,NOVARTIS,59,,,,,,,,,,,,,,,,,,
2515,NOVARTIS,59,,,,,,,,,,,,,,,,,,
2085,NOVARTIS,59,,,,,,,,,,,,,,,,,,
3181,NOVARTIS,59,,,,,,,,,,,,,,,,,,
4054,NOVARTIS,59,,,,,,,,,,,,,,,,,,
2513,NOVARTIS,59,,,,,,,,,,,,,,,,,,
2380,NOVARTIS,60,,,,,,,,,,,,,,,,,,
2158,NOVARTIS,60,,,,,,,,,,,,,,,,,,
2324,NOVARTIS,60,,,,,,,,,,,,,,,,,,
2657,NOVARTIS,60,,,,,,,,,,,,,,,,,,
3353,NOVARTIS,60,,,,,,,,,,,,,,,,,,
3233,NOVARTIS,60,,,,,,,,,,,,,,,,,,
3072,NOVARTIS,60,,,,,,,,,,,,,,,,,,
3115,NOVARTIS,60,,,,,,,,,,,,,,,,,,
2704,NOVARTIS,60,,,,,,,,,,,,,,,,,,
2705,NOVARTIS,60,,,,,,,,,,,,,,,,,,
2742,NOVARTIS,60,,,,,,,,,,,,,,,,,,
2845,NOVARTIS,60,,,,,,,,,,,,,,,,,,
2741,NOVARTIS,60,,,,,,,,,,,,,,,,,,
2842,NOVARTIS,60,,,,,,,,,,,,,,,,,,
2897,NOVARTIS,60,,,,,,,,,,,,,,,,,,
3068,NOVARTIS,60,,,,,,,,,,,,,,,,,,
2882,NOVARTIS,60,,,,,,,,,,,,,,,,,,
2933,NOVARTIS,60,,,,,,,,,,,,,,,,,,
2949,NOVARTIS,60,,,,,,,,,,,,,,,,,,
2950,NOVARTIS,60,,,,,,,,,,,,,,,,,,
3034,NOVARTIS,60,,,,,,,,,,,,,,,,,,
3190,NOVARTIS,60,,,,,,,,,,,,,,,,,,
3071,NOVARTIS,60,,,,,,,,,,,,,,,,,,
2968,NOVARTIS,60,,,,,,,,,,,,,,,,,,
1847,NOVARTIS,60,,,,,,,,,,,,,,,,,,
3116,NOVARTIS,60,,,,,,,,,,,,,,,,,,
2532,NOVARTIS,60,,,,,,,,,,,,,,,,,,
5228,NOVARTIS,60,,,,,,,,,,,,,,,,,,
6731,NOVARTIS,60,,,,,,,,,,,,,,,,,,
4968,NOVARTIS,60,,,,,,,,,,,,,,,,,,
4902,NOVARTIS,60,,,,,,,,,,,,,,,,,,
3102,NOVARTIS,60,,,,,,,,,,,,,,,,,,
4840,NOVARTIS,60,,,,,,,,,,,,,,,,,,
7903,NOVARTIS,60,,,,,,,,,,,,,,,,,,
10881,CAROZZI,01 A,,,,,,,,,,,,,,,,,,
10912,ARCOR,01 A,,,,,,,,,,,,,,,,,,
8261,DAVIS,01 A,,,,,,,,,,,,,,,,,,
11092,DIAGEO,01 A,,,,,,,,,,,,,,,,,,
8474,PAPA JOHNS,01 A,,,,,,,,,,,,,,,,,,
12676,SANITAS,01 A,,,,,,,,,,,,,,,,,,
10960,CHILE ,01 A,,,,,,,,,,,,,,,,,,
7494,FORUS,01 A,,,,,,,,,,,,,,,,,,
7514,DIAGEO,01 A,,,,,,,,,,,,,,,,,,
7709,ELANCO,01 A,,,,,,,,,,,,,,,,,,
8088,ELANCO,01 A,,,,,,,,,,,,,,,,,,
344,EL ROSAL,01 A,,,,,,,,,,,,,,,,,,
8165,DAVIS,01 A,,,,,,,,,,,,,,,,,,
7495,DAVIS,01 A,,,,,,,,,,,,,,,,,,
9139,QUILLAYES,01 A,,,,,,,,,,,,,,,,,,
4422,DAVIS,01 A,,,,,,,,,,,,,,,,,,
11832,SAN PEDRO,01 A,,,,,,,,,,,,,,,,,,
7080,SAN PEDRO,01 A,,,,,,,,,,,,,,,,,,
4539,NOVARTIS,01 A,,,,,,,,,,,,,,,,,,
8184,ELANCO,01 A,,,,,,,,,,,,,,,,,,
2267,DAVIS,01 A,,,,,,,,,,,,,,,,,,
11567,SAN PEDRO,01 A,,,,,,,,,,,,,,,,,,
10035,QUILLAYES,01 A,,,,,,,,,,,,,,,,,,
12066,DAVIS,01 A,,,,,,,,,,,,,,,,,,
7197,DAVIS,01 A,,,,,,,,,,,,,,,,,,
7201,DAVIS,01 A,,,,,,,,,,,,,,,,,,
12406,BAGO,01 A,,,,,,,,,,,,,,,,,,
12299,DAVIS,01 A,,,,,,,,,,,,,,,,,,
12201,DAVIS,01 A,,,,,,,,,,,,,,,,,,
10342,DIAGEO,01 A,,,,,,,,,,,,,,,,,,
10343,DIAGEO,01 A,,,,,,,,,,,,,,,,,,
17694,SYNTHON,01 A,,,,,,,,,,,,,,,,,,
13076,PERNOD,02 A,,,,,,,,,,,,,,,,,,
10883,PETRIZZIO ,02 A,,,,,,,,,,,,,,,,,,
14864,PERNOD,02 A,,,,,,,,,,,,,,,,,,
11144,ECKART,02 A,,,,,,,,,,,,,,,,,,
15756,CAFE DO BRASIL,41,,,,,,,,,,,,,,,,,,
10782,LABOMED,02 A,,,,,,,,,,,,,,,,,,
37043,CHILE ,02 A,,,,,,,,,,,,,,,,,,
6739,DESA,02 A,,,,,,,,,,,,,,,,,,
8273,CHILE ,02 A,,,,,,,,,,,,,,,,,,
5715,LABOMED,02 A,,,,,,,,,,,,,,,,,,
7828,CHILE ,02 A,,,,,,,,,,,,,,,,,,
9411,CHILE ,02 A,,,,,,,,,,,,,,,,,,
5832,DAVIS,02 A,,,,,,,,,,,,,,,,,,
12187,SANTA RITA,02 A,,,,,,,,,,,,,,,,,,
17254,SYNTHON,41,,,,,,,,,,,,,,,,,,
17159,DIAGEO,02 A,,,,,,,,,,,,,,,,,,
7383,DAVIS,02 A,,,,,,,,,,,,,,,,,,
7320,ABBOTT,02 A,,,,,,,,,,,,,,,,,,
2874,CHILE ,02 A,,,,,,,,,,,,,,,,,,
3672,ODF JELL,02 A,,,,,,,,,,,,,,,,,,
2709,DAVIS,02 A,,,,,,,,,,,,,,,,,,
12082,DIAGEO,02 A,,,,,,,,,,,,,,,,,,
10620,BAGO,02 A,,,,,,,,,,,,,,,,,,
7539,ELANCO,02 A,,,,,,,,,,,,,,,,,,
8262,DAVIS,02 A,,,,,,,,,,,,,,,,,,
44533,CHILE ,02 A,,,,,,,,,,,,,,,,,,
8278,DIAGEO,02 A,,,,,,,,,,,,,,,,,,
8317,DESA,02 A,,,,,,,,,,,,,,,,,,
39511,CONCHA Y TORO,02 A,,,,,,,,,,,,,,,,,,
17544,ST ANDREWS,53,,,,,,,,,,,,,,,,,,
17488,CAROZZI,53,,,,,,,,,,,,,,,,,,
18169,PETRIZZIO ,53,,,,,,,,,,,,,,,,,,
16967,VIÑA C Y T,53,,,,,,,,,,,,,,,,,,
67 OT,BAUZA,03 A,,,,,,,,,,,,,,,,,,
1156,BDF,03 A,,,,,,,,,,,,,,,,,,
2913,SANITAS,03 A,,,,,,,,,,,,,,,,,,
4107,SANITAS,03 A,,,,,,,,,,,,,,,,,,
3171,FIBROSONOCO,03 A,,,,,,,,,,,,,,,,,,
1144,CAMBIASO,03 A,,,,,,,,,,,,,,,,,,
46691,DAVIS,03 A,,,,,,,,,,,,,,,,,,
45280,ANDROMACO,03 A,,,,,,,,,,,,,,,,,,
11267,PETRIZZIO ,03 A,,,,,,,,,,,,,,,,,,
44301,MEDIPHARM,03 A,,,,,,,,,,,,,,,,,,
10809,CAROZZI,03 A,,,,,,,,,,,,,,,,,,
9190,QUILLAYES,03 A,,,,,,,,,,,,,,,,,,
621,TUCAPEL,03 A,,,,,,,,,,,,,,,,,,
541,TUCAPEL,03 A,,,,,,,,,,,,,,,,,,
10291,RECALCINE,03 A,,,,,,,,,,,,,,,,,,
1635,AGROSUPER,03 A,,,,,,,,,,,,,,,,,,
43494,RECALCINE,03 A,,,,,,,,,,,,,,,,,,
5007,MEDIPHARM,03 A,,,,,,,,,,,,,,,,,,
3487,EUROMED,03 A,,,,,,,,,,,,,,,,,,
1794,BAGO,03 A,,,,,,,,,,,,,,,,,,
5963,CHILE ,03 A,,,,,,,,,,,,,,,,,,
5878,RECALCINE,03 A,,,,,,,,,,,,,,,,,,
2828,KNOP,03 A,,,,,,,,,,,,,,,,,,
11087,RECALCINE,03 A,,,,,,,,,,,,,,,,,,
7018,ANDROMACO,03 A,,,,,,,,,,,,,,,,,,
3800,FIBROSONOCO,03 A,,,,,,,,,,,,,,,,,,
10364,BDF,03 A,,,,,,,,,,,,,,,,,,
1108,BDF,03 A,,,,,,,,,,,,,,,,,,
7020,ANDROMACO,03 A,,,,,,,,,,,,,,,,,,
14551,UNILEVER,03 A,,,,,,,,,,,,,,,,,,
12687,PERNOD,03 A,,,,,,,,,,,,,,,,,,
12655,FRUSELVA,03 A,,,,,,,,,,,,,,,,,,
17452,DAVIS,53,,,,,,,,,,,,,,,,,,
16237,PERNOD,53,,,,,,,,,,,,,,,,,,
12148,KNOP,04 A,,,,,,,,,,,,,,,,,,
8651,SAN PEDRO,04 A,,,,,,,,,,,,,,,,,,
4207,SAN PEDRO,04 A,,,,,,,,,,,,,,,,,,
8629,SAN PEDRO,04 A,,,,,,,,,,,,,,,,,,
7330,SAN PEDRO,04 A,,,,,,,,,,,,,,,,,,
4749,SAN PEDRO,04 A,,,,,,,,,,,,,,,,,,
5828,SAN PEDRO,04 A,,,,,,,,,,,,,,,,,,
9520,SAN PEDRO,04 A,,,,,,,,,,,,,,,,,,
5622,SAN PEDRO,04 A,,,,,,,,,,,,,,,,,,
5692,SAN PEDRO,04 A,,,,,,,,,,,,,,,,,,
4505,SAN PEDRO,04 A,,,,,,,,,,,,,,,,,,
2403,SAN PEDRO,04 A,,,,,,,,,,,,,,,,,,
9601,SAN PEDRO,04 A,,,,,,,,,,,,,,,,,,
5865,SAN PEDRO,04 A,,,,,,,,,,,,,,,,,,
10135,SAN PEDRO,04 A,,,,,,,,,,,,,,,,,,
6213,SAN PEDRO,04 A,,,,,,,,,,,,,,,,,,
9493,SAN PEDRO,04 A,,,,,,,,,,,,,,,,,,
3240,SAN PEDRO,04 A,,,,,,,,,,,,,,,,,,
3199,SAN PEDRO,04 A,,,,,,,,,,,,,,,,,,
2850,SAN PEDRO,04 A,,,,,,,,,,,,,,,,,,
2378,SAN PEDRO,04 A,,,,,,,,,,,,,,,,,,
9303,SAN PEDRO,04 A,,,,,,,,,,,,,,,,,,
5133,SAN PEDRO,04 A,,,,,,,,,,,,,,,,,,
4828,SAN PEDRO,04 A,,,,,,,,,,,,,,,,,,
8628,SAN PEDRO,04 A,,,,,,,,,,,,,,,,,,
8630,SAN PEDRO,04 A,,,,,,,,,,,,,,,,,,
893,SAN PEDRO,04 A,,,,,,,,,,,,,,,,,,
11341,SAN PEDRO,04 A,,,,,,,,,,,,,,,,,,
13916,SAN PEDRO,04 A,,,,,,,,,,,,,,,,,,
11766,SAN PEDRO,04 A,,,,,,,,,,,,,,,,,,
14461,SAN PEDRO,04 A,,,,,,,,,,,,,,,,,,
14458,SAN PEDRO,04 A,,,,,,,,,,,,,,,,,,
8686,SAN PEDRO,04 A,,,,,,,,,,,,,,,,,,
13909,SAN PEDRO,04 A,,,,,,,,,,,,,,,,,,
11547,SAN PEDRO,04 A,,,,,,,,,,,,,,,,,,
14451,SAN PEDRO,04 A,,,,,,,,,,,,,,,,,,
11566,SAN PEDRO,04 A,,,,,,,,,,,,,,,,,,
9077,SAN PEDRO,04 A,,,,,,,,,,,,,,,,,,
1382,SAN PEDRO,04 A,,,,,,,,,,,,,,,,,,
14446,SAN PEDRO,04 A,,,,,,,,,,,,,,,,,,
14450,SAN PEDRO,04 A,,,,,,,,,,,,,,,,,,
9053,DAVIS,05 A,,,,,,,,,,,,,,,,,,
8171,DAVIS,05 A,,,,,,,,,,,,,,,,,,
8298,CHILE ,05 A,,,,,,,,,,,,,,,,,,
11978,SALMONES MULTI X,05 A,,,,,,,,,,,,,,,,,,
7233,ELANCO,05 A,,,,,,,,,,,,,,,,,,
5749,DAVIS,05 A,,,,,,,,,,,,,,,,,,
5532,DESA,05 A,,,,,,,,,,,,,,,,,,
7367,DAVIS,05 A,,,,,,,,,,,,,,,,,,
12293,SYNTHON,05 A,,,,,,,,,,,,,,,,,,
12343,AG SERVICIOS,05 A,,,,,,,,,,,,,,,,,,
12228,SANTA RITA,05 A,,,,,,,,,,,,,,,,,,
6877,DIAGEO,05 A,,,,,,,,,,,,,,,,,,
5393,DAVIS,05 A,,,,,,,,,,,,,,,,,,
9740,SALMONES MULTI X,05 A,,,,,,,,,,,,,,,,,,
11256,SYNTHON,05 A,,,,,,,,,,,,,,,,,,
7543,CHILE ,05 A,,,,,,,,,,,,,,,,,,
9112,ALPES,05 A,,,,,,,,,,,,,,,,,,
7536,DACCARET,05 A,,,,,,,,,,,,,,,,,,
10258,CAROZZI,05 A,,,,,,,,,,,,,,,,,,
10344,DIAGEO,05 A,,,,,,,,,,,,,,,,,,
2049,DAVIS,05 A,,,,,,,,,,,,,,,,,,
6581,DESA,05 A,,,,,,,,,,,,,,,,,,
9311,BLUNDING,05 A,,,,,,,,,,,,,,,,,,
7557,CHILE ,05 A,,,,,,,,,,,,,,,,,,
8237,DAVIS,05 A,,,,,,,,,,,,,,,,,,
10839,SYNTHON,05 A,,,,,,,,,,,,,,,,,,
7274,DAVIS,05 A,,,,,,,,,,,,,,,,,,
4418,DAVIS,05 A,,,,,,,,,,,,,,,,,,
14944,CAROZZI,05 A,,,,,,,,,,,,,,,,,,
12309,CAROZZI,05 A,,,,,,,,,,,,,,,,,,
15393,CAROZZI,05 A,,,,,,,,,,,,,,,,,,
15285,DOS EN UNO,05 A,,,,,,,,,,,,,,,,,,
17139,DIAGEO,53,,,,,,,,,,,,,,,,,,
13911,DIAGEO,05 A,,,,,,,,,,,,,,,,,,
17090,DIAGEO,41,,,,,,,,,,,,,,,,,,
17079,DIAGEO,53,,,,,,,,,,,,,,,,,,
17102,CAROZZI,41,,,,,,,,,,,,,,,,,,
17115,LATIN AMERICAN,41,,,,,,,,,,,,,,,,,,
7744,DAVIS,06 A,,,,,,,,,,,,,,,,,,
8072,DIAGEO,06 A,,,,,,,,,,,,,,,,,,
38242,CHILE ,06 A,,,,,,,,,,,,,,,,,,
47521,BARON PHILLIPPE,06 A,,,,,,,,,,,,,,,,,,
6825,FOTOGRAFICA,06 A,,,,,,,,,,,,,,,,,,
17081,CONCHA Y TORO,06 A,,,,,,,,,,,,,,,,,,
17074,BLUNDING,06 A,,,,,,,,,,,,,,,,,,
17009,LICORES BOU,06 A,,,,,,,,,,,,,,,,,,
,,,,,,,,,,,,,,,,,,,,
17098,PERNOD,06 A,,,,,,,,,,,,,,,,,,
12459,PERNOD,06 A,,,,,,,,,,,,,,,,,,
14842,PERNOD,06 A,,,,,,,,,,,,,,,,,,
17012,PERNOD,06 A,,,,,,,,,,,,,,,,,,
17134,FH ENGEL,06 A,,,,,,,,,,,,,,,,,,
9002,NOVA VERDE,06 A,,,,,,,,,,,,,,,,,,
9029,SAN PEDRO,06 A,,,,,,,,,,,,,,,,,,
9056,SAN PEDRO,06 A,,,,,,,,,,,,,,,,,,
8806,SAN PEDRO,06 A,,,,,,,,,,,,,,,,,,
10892,CHILE ,06 A,,,,,,,,,,,,,,,,,,
8471,CHILE ,06 A,,,,,,,,,,,,,,,,,,
1437,CHILE ,06 A,,,,,,,,,,,,,,,,,,
2362,CHILE ,06 A,,,,,,,,,,,,,,,,,,
5961,CHILE ,06 A,,,,,,,,,,,,,,,,,,
9587,CHILE ,06 A,,,,,,,,,,,,,,,,,,
5000,CHILE ,06 A,,,,,,,,,,,,,,,,,,
12792,CHILE ,06 A,,,,,,,,,,,,,,,,,,
4462,CHILE ,06 A,,,,,,,,,,,,,,,,,,
2702,CHILE ,06 A,,,,,,,,,,,,,,,,,,
1887,CHILE ,06 A,,,,,,,,,,,,,,,,,,
12663,CHILE ,06 A,,,,,,,,,,,,,,,,,,
10984,CHILE ,06 A,,,,,,,,,,,,,,,,,,
5707,CHILE ,06 A,,,,,,,,,,,,,,,,,,
10039,CHILE ,06 A,,,,,,,,,,,,,,,,,,
11221,ECKART,06 A,,,,,,,,,,,,,,,,,,
11373,FOTOMAR,06 A,,,,,,,,,,,,,,,,,,
17881,CHILE ,53,,,,,,,,,,,,,,,,,,
12609,SEIS LUCES,07 A,,,,,,,,,,,,,,,,,,
13783,DP ALIMENTOS,07 A,,,,,,,,,,,,,,,,,,
10740,CAROZZI,07 A,,,,,,,,,,,,,,,,,,
13358,FRUSELVA,07 A,,,,,,,,,,,,,,,,,,
10870,MUNDO MARINO,07 A,,,,,,,,,,,,,,,,,,
11525,SAN PEDRO,07 A,,,,,,,,,,,,,,,,,,
10834,DIAGEO,07 A,,,,,,,,,,,,,,,,,,
12601,FRAMBERRY,07 A,,,,,,,,,,,,,,,,,,
12486,CAMBIASO,07 A,,,,,,,,,,,,,,,,,,
14258,CAMBIASO,07 A,,,,,,,,,,,,,,,,,,
13128,DIAGEO,07 A,,,,,,,,,,,,,,,,,,
11165,PERNOD,07 A,,,,,,,,,,,,,,,,,,
9105,PERNOD,07 A,,,,,,,,,,,,,,,,,,
12906,DIAGEO,07 A,,,,,,,,,,,,,,,,,,
7978,DAVIS,07 A,,,,,,,,,,,,,,,,,,
9371,EURO PACIFICO,07 A,,,,,,,,,,,,,,,,,,
9748,GENOMMA,07 A,,,,,,,,,,,,,,,,,,
5427,DAVIS,07 A,,,,,,,,,,,,,,,,,,
8479,PAPA JOHNS,07 A,,,,,,,,,,,,,,,,,,
44316,MINT JANS,07 A,,,,,,,,,,,,,,,,,,
4047,RECALCINE,07 A,,,,,,,,,,,,,,,,,,
11322,SANITAS,07 A,,,,,,,,,,,,,,,,,,
10520,CHILE ,07 A,,,,,,,,,,,,,,,,,,
5692,FIBROSONOCO,07 A,,,,,,,,,,,,,,,,,,
9029,CHILE ,08 A,,,,,,,,,,,,,,,,,,
10521,CHILE ,08 A,,,,,,,,,,,,,,,,,,
8667,CHILE ,08 A,,,,,,,,,,,,,,,,,,
10487,CHILE ,08 A,,,,,,,,,,,,,,,,,,
9763,CHILE ,08 A,,,,,,,,,,,,,,,,,,
9172,CHILE ,08 A,,,,,,,,,,,,,,,,,,
10723,CHILE ,08 A,,,,,,,,,,,,,,,,,,
9204,CHILE ,08 A,,,,,,,,,,,,,,,,,,
13973,CHILE ,08 A,,,,,,,,,,,,,,,,,,
4668,CHILE ,08 A,,,,,,,,,,,,,,,,,,
4461,CHILE ,08 A,,,,,,,,,,,,,,,,,,
9759,CHILE ,08 A,,,,,,,,,,,,,,,,,,
3701,CHILE ,08 A,,,,,,,,,,,,,,,,,,
10537,CHILE ,08 A,,,,,,,,,,,,,,,,,,
10551,CHILE ,08 A,,,,,,,,,,,,,,,,,,
11786,CHILE ,08 A,,,,,,,,,,,,,,,,,,
6502,CHILE ,08 A,,,,,,,,,,,,,,,,,,
5322,CHILE ,08 A,,,,,,,,,,,,,,,,,,
12799,CHILE ,08 A,,,,,,,,,,,,,,,,,,
5505,CHILE ,08 A,,,,,,,,,,,,,,,,,,
4996,CHILE ,08 A,,,,,,,,,,,,,,,,,,
10198,CHILE ,08 A,,,,,,,,,,,,,,,,,,
14536,CHILE ,08 A,,,,,,,,,,,,,,,,,,
9851,CHILE ,08 A,,,,,,,,,,,,,,,,,,
9170,CHILE ,08 A,,,,,,,,,,,,,,,,,,
4998,CHILE ,08 A,,,,,,,,,,,,,,,,,,
14041,CHILE ,08 A,,,,,,,,,,,,,,,,,,
10520,CHILE ,08 A,,,,,,,,,,,,,,,,,,
109636,CHILE ,08 A,,,,,,,,,,,,,,,,,,
14189,BLUNDING,08 A,,,,,,,,,,,,,,,,,,
17160,ST ANDREWS,41,,,,,,,,,,,,,,,,,,
17107,DAVIS,41,,,,,,,,,,,,,,,,,,
17165,SAVAL,41,,,,,,,,,,,,,,,,,,
12524,SYNTHON,08 A,,,,,,,,,,,,,,,,,,
17112,TELEPIZZA,41,,,,,,,,,,,,,,,,,,
17065,ETAL,41,,,,,,,,,,,,,,,,,,
17037,ZOETIS,41,,,,,,,,,,,,,,,,,,
17410,AXIS,53,,,,,,,,,,,,,,,,,,
14730,SYNTHON,09 A,,,,,,,,,,,,,,,,,,
12445,SYNTHON,09 A,,,,,,,,,,,,,,,,,,
13065,SYNTHON,09 A,,,,,,,,,,,,,,,,,,
11256,SYNTHON,09 A,,,,,,,,,,,,,,,,,,
13852,SYNTHON,09 A,,,,,,,,,,,,,,,,,,
14717,SYNTHON,09 A,,,,,,,,,,,,,,,,,,
12975,SYNTHON,09 A,,,,,,,,,,,,,,,,,,
10977,SYNTHON,09 A,,,,,,,,,,,,,,,,,,
14547,SYNTHON,09 A,,,,,,,,,,,,,,,,,,
12399,SYNTHON,09 A,,,,,,,,,,,,,,,,,,
10191,SYNTHON,09 A,,,,,,,,,,,,,,,,,,
10142,SYNTHON,09 A,,,,,,,,,,,,,,,,,,
10127,SYNTHON,09 A,,,,,,,,,,,,,,,,,,
14633,SYNTHON,09 A,,,,,,,,,,,,,,,,,,
11305,SYNTHON,09 A,,,,,,,,,,,,,,,,,,
10141,SYNTHON,09 A,,,,,,,,,,,,,,,,,,
12567,SYNTHON,09 A,,,,,,,,,,,,,,,,,,
10126,SYNTHON,09 A,,,,,,,,,,,,,,,,,,
7871,SYNTHON,09 A,,,,,,,,,,,,,,,,,,
10368,SYNTHON,09 A,,,,,,,,,,,,,,,,,,
10266,SYNTHON,09 A,,,,,,,,,,,,,,,,,,
10391,SYNTHON,09 A,,,,,,,,,,,,,,,,,,
12399,SYNTHON,09 A,,,,,,,,,,,,,,,,,,
10379,SYNTHON,09 A,,,,,,,,,,,,,,,,,,
8881,SYNTHON,09 A,,,,,,,,,,,,,,,,,,
17196,SYNTHON,09 A,,,,,,,,,,,,,,,,,,
14599,SYNTHON,10 A,,,,,,,,,,,,,,,,,,
15250,SYNTHON,10 A,,,,,,,,,,,,,,,,,,
15191,SYNTHON,10 A,,,,,,,,,,,,,,,,,,
14995,SYNTHON,10 A,,,,,,,,,,,,,,,,,,
15249,SYNTHON,10 A,,,,,,,,,,,,,,,,,,
17199,LATIN AMERICAN,37,,,,,,,,,,,,,,,,,,
17203,PESQUERA TRANSANTARTIC,10 A,,,,,,,,,,,,,,,,,,
17224,AGROVIC,10 A,,,,,,,,,,,,,,,,,,
17154,ELANCO,10 A,,,,,,,,,,,,,,,,,,
17129,BLUNDING,44,,,,,,,,,,,,,,,,,,
15347,SYNTHON,10 A,,,,,,,,,,,,,,,,,,
15447,SYNTHON,10 A,,,,,,,,,,,,,,,,,,
15382,SYNTHON,10 A,,,,,,,,,,,,,,,,,,
15080,SYNTHON,10 A,,,,,,,,,,,,,,,,,,
7151,SYNTHON,10 A,,,,,,,,,,,,,,,,,,
15308,SYNTHON,10 A,,,,,,,,,,,,,,,,,,
15307,SYNTHON,10 A,,,,,,,,,,,,,,,,,,
15922,SYNTHON,10 A,,,,,,,,,,,,,,,,,,
15691,SYNTHON,10 A,,,,,,,,,,,,,,,,,,
15372,SYNTHON,10 A,,,,,,,,,,,,,,,,,,
15773,VIDA CELL,44,,,,,,,,,,,,,,,,,,
15772,VIDA CELL,10 A,,,,,,,,,,,,,,,,,,
8300,CHILE ,10 A,,,,,,,,,,,,,,,,,,
16389,AXON PHARMA,10 A,,,,,,,,,,,,,,,,,,
10075,CAROZZI MICA,11 A,,,,,,,,,,,,,,,,,,
8807,CAROZZI,11 A,,,,,,,,,,,,,,,,,,
9180,CAROZZI,11 A,,,,,,,,,,,,,,,,,,
12722,CAROZZI,11 A,,,,,,,,,,,,,,,,,,
9604,CAROZZI,11 A,,,,,,,,,,,,,,,,,,
9267,CAROZZI,11 A,,,,,,,,,,,,,,,,,,
9603,CAROZZI,11 A,,,,,,,,,,,,,,,,,,
PRUEBAS,CAROZZI,11 A,,,,,,,,,,,,,,,,,,
1360,CAROZZI,11 A,,,,,,,,,,,,,,,,,,
10075,CAROZZI,11 A,,,,,,,,,,,,,,,,,,
10410,CAROZZI,11 A,,,,,,,,,,,,,,,,,,
10417,CAROZZI,11 A,,,,,,,,,,,,,,,,,,
12256,CAROZZI,11 A,,,,,,,,,,,,,,,,,,
11375,CAROZZI,11 A,,,,,,,,,,,,,,,,,,
11632,CAROZZI,11 A,,,,,,,,,,,,,,,,,,
11537,CAROZZI,11 A,,,,,,,,,,,,,,,,,,
9749,CAROZZI,11 A,,,,,,,,,,,,,,,,,,
11658,CAROZZI,11 A,,,,,,,,,,,,,,,,,,
11564,CAROZZI,11 A,,,,,,,,,,,,,,,,,,
11535,CAROZZI,11 A,,,,,,,,,,,,,,,,,,
13137,CAROZZI,11 A,,,,,,,,,,,,,,,,,,
5137,CASAS PATRONALES,12 A,,,,,,,,,,,,,,,,,,
12709,SALMONES MULTI X,12 A,,,,,,,,,,,,,,,,,,
9494,SALMONES MULTI X,12 A,,,,,,,,,,,,,,,,,,
11124,CONCHA Y TORO,12 A,,,,,,,,,,,,,,,,,,
10603,ODF JELL,12 A,,,,,,,,,,,,,,,,,,
47861,BAGO,12 A,,,,,,,,,,,,,,,,,,
10430,CIA PISQUERA,12 A,,,,,,,,,,,,,,,,,,
6974,DIAGEO,12 A,,,,,,,,,,,,,,,,,,
4914,DESA,12 A,,,,,,,,,,,,,,,,,,
10475,DESA,12 A,,,,,,,,,,,,,,,,,,
14866,UNILEVER,12 A,,,,,,,,,,,,,,,,,,
11994,NGS,12 A,,,,,,,,,,,,,,,,,,
14741,ZOETIS,12 A,,,,,,,,,,,,,,,,,,
14139,JUAN BASS,12 A,,,,,,,,,,,,,,,,,,
14221,JUAN BASS,12 A,,,,,,,,,,,,,,,,,,
10814,VIU MANENT,12 A,,,,,,,,,,,,,,,,,,
11451,BAGO,12 A,,REPONER MOLDE,,,,,,,,,,,,,,,,
13285,RECALCINE,12 A,,,,,,,,,,,,,,,,,,
9082,KNOP,12 A,,,,,,,,,,,,,,,,,,
14139,JUAN BASS,12 A,,,,,,,,,,,,,,,,,,
16159,CERVECERIA AG,12 A,,,,,,,,,,,,,,,,,,
11805,CAROZZI,12 A,,,,,,,,,,,,,,,,,,
15872,DENTAID,12 A,,,,,,,,,,,,,,,,,,
17353,FIBROSONOCO,42,,,,,,,,,,,,,,,,,,
17594,SOUTHWIND,43,,,,,,,,,,,,,,,,,,
17599,CAFE DO BRASIL,43,,,,,,,,,,,,,,,,,,
17195,DIAGEO,41,,,,,,,,,,,,,,,,,,
17187,CHILE ,44,,,,,,,,,,,,,,,,,,
15227,SALMONES MULTI X,38,,,,,,,,,,,,,,,,,,
15573,SALMONES MULTI X,38,,,,,,,,,,,,,,,,,,
17304,SALMONES MULTI X,38,,,,,,,,,,,,,,,,,,
18721,DAVIS,ONA DESGAJES ,,,,,,,,,,,,,,,,,,
19520,FARET,46,,,,,,,,,,,,,,,,,,
M000161,ID LOGUISTIC,46,P005667,,,,,,,,,,,,,,,,,
M000082,PETRIZZIO,46,P0006435,,,,,,,,,,,,,,,,,
M000141,PETRIZZIO,46,P007149,,,,,,,,,,,,,,,,,
19263,PETRIZZIO,46,,,,,,,,,,,,,,,,,,
19358,PETRIZZIO,46,,,,,,,,,,,,,,,,,,
M000148,BAGO,46,,,,,,,,,,,,,,,,,,
M000146,CAROZZI,46,,,,,,,,,,,,,,,,,,
M000147,PERNOD,46,,,,,,,,,,,,,,,,,,
M000174,NOVARTIS,46,,,,,,,,,,,,,,,,,,
13808,PETRIZZIO,46,,,,,,,,,,,,,,,,,,
19014,RECALCINE,46,,,,,,,,,,,,,,,,,,
M000145,PL 2,46,,,,,,,,,,,,,,,,,,
M000111,DAVIS,46,,,,,,,,,,,,,,,,,,
19352,DAVIS,46,,,,,,,,,,,,,,,,,,
M000123,RECALCINE,46,,,,,,,,,,,,,,,,,,
M000134,MULTIX,46,,,,,,,,,,,,,,,,,,
M000156,RSG SNACK FOODS,56,,,,,,,,,,,,,,,,,,
D000669,PRUEBA-RETIRO,56,,,,,,,,,,,,,,,,,,
M000242 / 19660,BIOSANO,56,P004057,,,,,,,,,,,,,,,,,
10377,PETRIZZIO,56,,,,,,,,,,,,,,,,,,
19656,JOHNSON,56,,,,,,,,,,,,,,,,,,
M000212,RSG SNACK FOODS,40,P007316,,,,,,,,,,,,,,,,,
M000228,PESQUERA TRANSANTARTIC,40,P001493/P007312,,,,,,,,,,,,,,,,,
M000203,ZOETIS,40,P003187,,,,,,,,,,,,,,,,,
19503,DESARROLLO FARMA.,56,,,,,,,,,,,,,,,,,,
M000199 / 19545,RECALCINE,56,P007306,,,,,,,,,,,,,,,,,
19493,PETRIZZIO,56,,,,,,,,,,,,,,,,,,
19478,SYNTHON,56,,,,,,,,,,,,,,,,,,
M000204 / 11292,PETRIZZIO,56,,,,,,,,,,,,,,,,,,
19468,BIOSANO,56,,,,,,,,,,,,,,,,,,
19717,MULTIX,53,,,,,,,,,,,,,,,,,,
19712,UNILEVER,53,,,,,,,,,,,,,,,,,,
M000289 / 19761,SANTA ROSA,53,,,,,,,,,,,,,,,,,,
19757,SANTA ROSA,53,,,,,,,,,,,,,,,,,,
12888,BIOSANO,32,,,,,,,,,,,,,,,,,,
19743,FARET,56,,,,,,,,,,,,,,,,,,
19675,1 XEL,56,,,,,,,,,,,,,,,,,,
M000267 / 19721,RESTO MARKET,50,P007326,,,,,,,,,,,,,,,,,
M000259,JUAN BASS,40,P003277,,,,,,,,,,,,,,,,,
17606,CAFE DO BRASIL VENTANA,56,,,,,,,,,,,,,,,,,,
19715,MULTIX,56,,,,,,,,,,,,,,,,,,
,,,,,,,,,,,,,,,,,,,,
M000271 / 19728,ZOETIS,56,,,,,,,,,,,,,,,,,,
19726,NOVARTIS,56,,,,,,,,,,,,,,,,,,
19720,NOVARTIS,56,,,,,,,,,,,,,,,,,,
19631,TRAVERSO,56,,,,,,,,,,,,,,,,,,
19651,DRAKE,56,,,,,,,,,,,,,,,,,,
19515,FARET,56,,,,,,,,,,,,,,,,,,
19642,DAVIS,56,,,,,,,,,,,,,,,,,,
19653,SYNTHON,56,,,,,,,,,,,,,,,,,,
17887,DRAKE,56,,,,,,,,,,,,,,,,,,
20028,SANDOZ,53,,,,,,,,,,,,,,,,,,
18467,PETRIZZIO,53,,,,,,,,,,,,,,,,,,
19909,BIOSANO,53,,,,,,,,,,,,,,,,,,
19978,TELEPIZZA,53,,,,,,,,,,,,,,,,,,
18380,SERPAC,53,,,,,,,,,,,,,,,,,,
19944,UNILEVER,53,,,,,,,,,,,,,,,,,,
M000351 / 19925,PETRIZZIO,53,P004344,,,,,,,,,,,,,,,,,
19890,TRENDY,53,,,,,,,,,,,,,,,,,,
14944,CAROZZI,53,,,,,,,,,,,,,,,,,,
M000358 / 19948,PERNOD,53,P007364,,,,,,,,,,,,,,,,,
PRUEBA YOLO,PRUEBA,53,,,,,,,,,,,,,,,,,,
PRUEBA YOLO,PRUEBA,53,,,,,,,,,,,,,,,,,,
12319,NOVARTIS,53,,,,,,,,,,,,,,,,,,
19834,BIOSANO,53,,,,,,,,,,,,,,,,,,
19821,AZADURA,53,,,,,,,,,,,,,,,,,,
M000338 / 18219,MULTIX,53,P006870,HAY 2 MOLDES : 1 EN EL 53 Y EL OTRO EN RACK SEPARACION DE POSE,,,,,,,,,,,,,,,,
M000081 / 12353,BLUNDING,53,P000331,,,,,,,,,,,,,,,,,
16217,AXON PHARMA,53,,,,,,,,,,,,,,,,,,
M000397 / 20079,FARET,25,,,,,,,,,,,,,,,,,,
M000420 / 20154,WELEDA,25,,,,,,,,,,,,,,,,,,
M000421 / 20158,HEEL CHILE,25,,,,,,,,,,,,,,,,,,
D000983,MULTIX,25,,,,,,,,,,,,,,,,,,
M000424 / 20168,DAVIS,25,,,,,,,,,,,,,,,,,,
M000415 / 20141,BLUNDING,25,,,,,,,,,,,,,,,,,,
M000413 / 20127,MULTIX,25,,,,,,,,,,,,,,,,,,
M000418 / 20151,PAHILLAHUE,25,,,,,,,,,,,,,,,,,,
M000410 / 20107,BAGO,25,,,,,,,,,,,,,,,,,,
18797,PERNOD,25,,,,,,,,,,,,,,,,,,
20118,DAVIS,25,,,,,,,,,,,,,,,,,,
M000418 / 20151,PAILLAHUE,25,,,,,,,,,,,,,,,,,,
16253,PHAGELAB,25,,,,,,,,,,,,,,,,,,
16254,PHAGELAB,26,,,,,,,,,,,,,,,,,,
M000400 / 20093,ATACAMA,25,,,,,,,,,,,,,,,,,,
M000398 / 20087,ELICINA,25,P007155,,,,,,,,,,,,,,,,,
M000407 / 20112,COUSIÑO MACUL,25,,,,,,,,,,,,,,,,,,
M000414 / 20131,MULTIX,25,,,,,,,,,,,,,,,,,,
20110,DAVIS,26,,,,,,,,,,,,,,,,,,
M000384 / 20036,AXON PHARMA,26,,,,,,,,,,,,,,,,,,
 M000402 / 20097,COUSIÑO MACUL,26,,,,,,,,,,,,,,,,,,
M000381 / 20019,DAVIS,26,,,,,,,,,,,,,,,,,,
M000386 / 20042,DAVIS,26,,,,,,,,,,,,,,,,,,
M000383 / 20033,JOHNSON,26,,,,,,,,,,,,,,,,,,
19429,RESTO MARKET,26,,,,,,,,,,,,,,,,,,
20060,RECALCINE,26,,,,,,,,,,,,,,,,,,
M000379 / 20014,BLUNDING,26,,,,,,,,,,,,,,,,,,
19995,BAGO,26,,,,,,,,,,,,,,,,,,
20229,ZOETIS,24,,,,,,,,,,,,,,,,,,
20301,SANITAS,23,,,,,,,,,,,,,,,,,,
20296,FARET,23,,,,,,,,,,,,,,,,,,
20251,PJ CHILE,23,,,,,,,,,,,,,,,,,,
20252,PJ CHILE,23,,,,,,,,,,,,,,,,,,
20255,ELANCO,23,,,,,,,,,,,,,,,,,,
20274,DOLE,23,,,,,,,,,,,,,,,,,,
20273,DOLE,23,,,,,,,,,,,,,,,,,,
M000425,BIOSANO,23,P004058,,,,,,,,,,,,,,,,,
M000456 / 20300,SANTA EMA,24,,,,,,,,,,,,,,,,,,
20283,ZOETIS,23,,,,,,,,,,,,,,,,,,
M000442 / 20240,BAGO,23,P003030,,,,,,,,,,,,,,,,,
20237,ISESA,23,,,,,,,,,,,,,,,,,,
M000447 / 20253,ICB,24,P004683,,,,,,,,,,,,,,,,,
M000453 / 20281,UNILEVER,24,,,,,,,,,,,,,,,,,,
20229,ZOETIS,24,,,,,,,,,,,,,,,,,,
20306,ICB PRUEBA,24,,,,,,,,,,,,,,,,,,
20237,FIBROSONOCO,22,,,,,,,,,,,,,,,,,,
20330,SAVAL,22,,,,,,,,,,,,,,,,,,
20313,RECALCINE,22,,,,,,,,,,,,,,,,,,
20307,ID LOGISTIC,22,,,,,,,,,,,,,,,,,,
20327,SYNTHON,22,,,,,,,,,,,,,,,,,,
M000467 / 20321,UNILEVER,22,,,,,,,,,,,,,,,,,,
20367,DENTAID,40,,,,,,,,,,,,,,,,,,
20369,DENTAID,40,,,,,,,,,,,,,,,,,,
20370,DENTAID,40,,,,,,,,,,,,,,,,,,
20382,BLUNDING,40,,,,,,,,,,,,,,,,,,
20225,CREMERIA,40,,,,,,,,,,,,,,,,,,
20388,SANDOZ,40,,,,,,,,,,,,,,,,,,
20390,SANDOZ,40,,,,,,,,,,,,,,,,,,
M000482 / 20363,PETRIZZIO,40,,,,,,,,,,,,,,,,,,
M000481,PETRIZZIO,40,,,,,,,,,,,,,,,,,,
20228,RECALCINE,26,,,,,,,,,,,,,,,,,,
19838,ZOETIS,26,MOLDE EN PRE TROQUEL/ AL LADO EXTINTOR,,,,,,,,,,,,,,,,,
19991,SAVAL,26,,,,,,,,,,,,,,,,,,
20160,PAILLAHUE,26,,,,,,,,,,,,,,,,,,
M000417 / 20148,UNILEVER,24,P006210,,,,,,,,,,,,,,,,,
20189,PJ CHILE,24,,,,,,,,,,,,,,,,,,
20161,WELEDA,24,,,,,,,,,,,,,,,,,,
20351,UNILEVER,40,,,,,,,,,,,,,,,,,,
20334,INTEGRA,40,,,,,,,,,,,,,,,,,,
M000116,GASTRONOMICOS,40,,,,,,,,,,,,,,,,,,
20328,DAVIS,40,,,,,,,,,,,,,,,,,,
20322,ZOETIS,40,,,,,,,,,,,,,,,,,,
20338,DAVIS,40,,,,,,,,,,,,,,,,,,
20343 / M000476,PAILLAHUE,40,P007389,,,,,,,,,,,,,,,,,
 M000378,ICB,51,P006461,MOLDE PARTIDO EN EL RACK,,,,,,,,,,,,,,,,
20475,SYNTHON,40,,,,,,,,,,,,,,,,,,
20468,SYNTHON,40,,,,,,,,,,,,,,,,,,
20466,ZOETIS,40,,,,,,,,,,,,,,,,,,
20495,PRATER,40,,,,,,,,,,,,,,,,,,
20483,AG SERVICIOS,40,,,,,,,,,,,,,,,,,,
20471,KNOP,40,,,,,,,,,,,,,,,,,,
15809,DIAGEO,40,,,,,,,,,,,,,,,,,,
20394,PETRIZZIO,40,,,,,,,,,,,,,,,,,,
20043,MULTIX,S.POSES,,,,,,,,,,,,,,,,,,
20455,SPOT,47,,,,,,,,,,,,,,,,,,
M000478,PAILLAHUE,51,P007389,RACK SEPARACION DE POSE,,,,,,,,,,,,,,,,
M000473,FIBRO CHILE,22,,,,,,,,,,,,,,,,,,
M000325,BIOSANO,51,P007258,,,,,,,,,,,,,,,,,
M000095,CAROZZI,56,,,,,,,,,,,,,,,,,,
M000574,DUCASE,39,P001287,,,,,,,,,,,,,,,,,
M000566,BIOSANO,39,P004057,,,,,,,,,,,,,,,,,
20621,APOSTOLES,39,P007251,,,,,,,,,,,,,,,,,
M000579,BAGO,39,P007446,,,,,,,,,,,,,,,,,
M000549,MULTI X,38,P003671,,,,,,,,,,,,,,,,,
M000654,BAGO,37,P002475,,,,,,,,,,,,,,,,,
M000565,SPOT,37,P007513,,,,,,,,,,,,,,,,,
M000572,DENTAID,37,D001308,,,,,,,,,,,,,,,,,
20558,DAVIS,37,,,,,,,,,,,,,,,,,,
M000529,FARET PRUEBA,37,,,,,,,,,,,,,,,,,,
M000559,SYNTHON,51,P007460,,,,,,,,,,,,,,,,,
M000568,DAVIS,60,P001287,,,,,,,,,,,,,,,,,
M000596,CAROZZI,60,P007543,,,,,,,,,,,,,,,,,
M000593,CAROZZI,60,P007536,,,,,,,,,,,,,,,,,
M000538,DAVIS,60,P004106,,,,,,,,,,,,,,,,,
M000592,CAROZZI,60,P007539,,,,,,,,,,,,,,,,,
M000593,UNILEVER,60,P007536,,,,,,,,,,,,,,,,,
M000558,CAROZZI,60,P007276,,,,,,,,,,,,,,,,,
M000585,BLUNDING,60,P007479,,,,,,,,,,,,,,,,,
M000557,SYNTHON,60,P007502,,,,,,,,,,,,,,,,,
M000580,RECALCINE,60,P002330,,,,,,,,,,,,,,,,,
M000587,SYNTHON,60,P001791,,,,,,,,,,,,,,,,,
M000584,SYNTHON,60,P004667,,,,,,,,,,,,,,,,,
M000589,NOVAVERDE,60,P007533,,,,,,,,,,,,,,,,,
M000567,RECALCINE,60,P004574,,,,,,,,,,,,,,,,,
M000577,ST ANDREWS,60,P000876,,,,,,,,,,,,,,,,,
M000569,BAGO,60,P007514,,,,,,,,,,,,,,,,,
M000552,DAVIS,60,P007488,,,,,,,,,,,,,,,,,
M000576 / 20667,ALIMENTOS Y FRUTOS,21,P0005367,,,,,,,,,,,,,,,,,
18040,ECOTERRA,21,P005269,,,,,,,,,,,,,,,,,
M000479 / 20344,UNILEVER,37,P006834,,,,,,,,,,,,,,,,,
M000575 / 20668,SPOT,21,P007521,,,,,,,,,,,,,,,,,
M000433 / 20228,RECALCINE,26,P002283,,,,,,,,,,,,,,,,,
M000322 / 19838,ZOETIS,26,P007248,,,,,,,,,,,,,,,,,
M000127 / 19991,SAVAL,26,P002391 / P002403,,,,,,,,,,,,,,,,,
M000422 / 20160,PAILLAHUE,26,P00534,,,,,,,,,,,,,,,,,
M000417 / 20148,UNILEVER,24,P006210,,,,,,,,,,,,,,,,,
M000429 / 20189,PJ CHILE,24,P003703,,,,,,,,,,,,,,,,,
M000423 / 20161,WELEDA,24,P005259,,,,,,,,,,,,,,,,,
M000457 / 20301,SANITAS,23,P007436,,,,,,,,,,,,,,,,,
M000455 / 20296 ,FARET,23,P007382,,,,,,,,,,,,,,,,,
M000445 / 20251,PJ CHILE,23,P006304,,,,,,,,,,,,,,,,,
M000446 / 20252,PJ CHILE,23,P006305,,,,,,,,,,,,,,,,,
M000448 / 20255,ELANCO,23,P007403,,,,,,,,,,,,,,,,,
M000391 / 20054,BIOSANO,50,P004055,,,,,,,,,,,,,,,,,
M000452 / 20274,DOLE,23,P004392,,,,,,,,,,,,,,,,,
M000451 / 20273,DOLE,23,P007187,,,,,,,,,,,,,,,,,
M000425 / 20169,BIOSANO,23,P004058,,,,,,,,,,,,,,,,,
M000615 / 20850,BIOSANO,41,P004812,,,,,,,,,,,,,,,,,
M000631 / 20902,RECALCINE,41,P002222,,,,,,,,,,,,,,,,,
M000611 / 20842,SYNTHON,41,P007557,,,,,,,,,,,,,,,,,
M000623 / 20875,PRATER,41,P007613,,,,,,,,,,,,,,,,,
M000616 / 20857,ARESTI,41,P007540,,,,,,,,,,,,,,,,,
M000599 / 20790,PETRIZZIO,41,P007132,,,,,,,,,,,,,,,,,
M000039 / 20810,ID LOGISTIC,41,P006392,,,,,,,,,,,,,,,,,
M000618 / 20873,SAVAL,41,P002382,,,,,,,,,,,,,,,,,
M000607 / 20836,UNILEVER,41,P007567,,,,,,,,,,,,,,,,,
M000600 / 20876,ZOETIS,41,P003035,,,,,,,,,,,,,,,,,
M000598 / 20792,ID LOGISTIC,41,P007551,,,,,,,,,,,,,,,,,
M000597 / 20784,AXON PHARMA,41,P007552,,,,,,,,,,,,,,,,,
M000602 / 20789,SPOT,41,P007445,,,,,,,,,,,,,,,,,
M000603 / 20803,AQUACHILE,41,P007553,,,,,,,,,,,,,,,,,
M000117 / 18380,SERPAC,-,P000691,ESTA UBICADO ENTRE EL RACK 47 Y 48,,,,,,,,,,,,,,,,
M000630 / 20897,EOTERRA,-,P007554,ESTA UBICADO ENTRE EL RACK 47 Y 48,,,,,,,,,,,,,,,,
M000653 / 20980,MULTI X,-,P002710 / P003726,ESTA UBICADO ENTRE EL RACK 47 Y 48,,,,,,,,,,,,,,,,
M000655,MULTI X,-,P007645 / P007646,ESTA UBICADO ENTRE EL RACK 47 Y 48,,,,,,,,,,,,,,,,
M000495 / 20451,PAILLAHUE,-,P0007389,RACK SEPARACION DE POSE,,,,,,,,,,,,,,,,
M000590 / 20746,JUAN BAS,-,P003277,RACK SEPARACION DE POSE,,,,,,,,,,,,,,,,
M000702 / 21202,JOHNSON,60,,,,,,,,,,,,,,,,,,
M000673 / 21079,PEUMO,60,,,,,,,,,,,,,,,,,,
M000663 / 21039,PAILLAHUE,60,,,,,,,,,,,,,,,,,,
M000672 / 21090,CONCHA Y TORO,60,,,,,,,,,,,,,,,,,,
M000683,RECALCINE,60,,,,,,,,,,,,,,,,,,
M000666,UNILEVER,60,,,,,,,,,,,,,,,,,,
M000669 / 21087,UNILEVER,60,,,,,,,,,,,,,,,,,,
M000670 / 21054,UNILEVER,60,,,,,,,,,,,,,,,,,,
M000644 / 20967,PRATER,60,,,,,,,,,,,,,,,,,,
M000651 / 21006,BLIGRAF,60,P007659,,,,,,,,,,,,,,,,,
M000649 / 20984,UNILEVER,60,,,,,,,,,,,,,,,,,,
M000636 / 20930,BIOSANO,60,,,,,,,,,,,,,,,,,,
M000647 / 20979,BLIGRAF,53,P007651,,,,,,,,,,,,,,,,,
M000639 / 20936,PAILLAHUE,41,,,,,,,,,,,,,,,,,,
M000642 / 20947,DUCASE,41,,,,,,,,,,,,,,,,,,
M000632 / 20901,SYNTHON,41,,,,,,,,,,,,,,,,,,
M000633 / 20905,SYNTHON,41,,,,,,,,,,,,,,,,,,
M000619 / 20870,PETRIZZIO,41,,,,,,,,,,,,,,,,,,
M000625 / 20882,DAVIS,41,,,,,,,,,,,,,,,,,,
M000650 / 20939,PESQ. TRANSARTARTIC,41,,,,,,,,,,,,,,,,,,
M000617 / 20861,DAVIS,38,,,,,,,,,,,,,,,,,,
M000629 / 20893,BAGO,21,,,,,,,,,,,,,,,,,,
M000626 / 20887,BAGO,37,,,,,,,,,,,,,,,,,,
M000635 / 20919,BULL GROUP,21,,,,,,,,,,,,,,,,,,
M000350 / 19921,PETRIZZIO,37,,,,,,,,,,,,,,,,,,
M000676 / 21120,SANTA RITA,35,P007650,,,,,,,,,,,,,,,,,
M000229 / 21057,MULTI X,35,,,,,,,,,,,,,,,,,,
M000704 / 21200,DUCASE,35,,,,,,,,,,,,,,,,,,
M000686 / 21133,SYNTHON,35,,,,,,,,,,,,,,,,,,
M000690 / 21130,INTERPHARMA,53,,,,,,,,,,,,,,,,,,
M000680 / 21128,HH CHILE,35,,,,,,,,,,,,,,,,,,
M000696 / 21192,HH CHILE,35,,,,,,,,,,,,,,,,,,
M000718 / 21229,PERNOD,35,,,,,,,,,,,,,,,,,,
M000688 / 21154,HH CHILE,35,,,,,,,,,,,,,,,,,,
M000714 / 21181,PETRIZZIO,35,P006598,,,,,,,,,,,,,,,,,
M000698 / 21177,DAVIS,35,,,,,,,,,,,,,,,,,,
M00076 / 21206,PERNOD,35,,,,,,,,,,,,,,,,,,
M000716 / 21223,PERNOD,35,,,,,,,,,,,,,,,,,,
M000695 / 21176,DAVIS,35,,,,,,,,,,,,,,,,,,
M000700 / 21184,UNILEVER,35,,,,,,,,,,,,,,,,,,
M000724 / 21240,UNILEVER,35,,,,,,,,,,,,,,,,,,
M000697 / 21183,PETRIZZIO,35,MOLDE PARTIDO EN EL RACK,,,,,,,,,,,,,,,,,
M000709 / 21197,BIOSANO,35,,,,,,,,,,,,,,,,,,
M000720 / 21236,BAGLEY,35,,,,,,,,,,,,,,,,,,
M000500 / 21234,PESQ. TRANSARTARTIC,35,,,,,,,,,,,,,,,,,,
M000723 / 21193,CAROZZI,53,P007498,,,,,,,,,,,,,,,,,
M000546,MULTI X,36,,,,,,,,,,,,,,,,,,
M000694,IND. PROCESADORA DE ALIMENTOS,36,SE PARTIO EL MOLDE,,,,,,,,,,,,,,,,,
M000754,HH CHILE,36,,,,,,,,,,,,,,,,,,
M000729,UNILEVER,36,,,,,,,,,,,,,,,,,,
M000742,ELANCO,36,,,,,,,,,,,,,,,,,,
M000068,SYNTHON,36,,,,,,,,,,,,,,,,,,
M000745,VALMA,36,,,,,,,,,,,,,,,,,,
M000738,ZOETIS,36,,,,,,,,,,,,,,,,,,
M000730,ARESTI,36,,,,,,,,,,,,,,,,,,
M000750,COLLICO,36,,,,,,,,,,,,,,,,,,
M000747,BLIGRAF,36,P001810,,,,,,,,,,,,,,,,,
M000755,UNILEVER,36,,,,,,,,,,,,,,,,,,
M000756,INTEGRA,36,P007770,,,,,,,,,,,,,,,,,
M000771,PRATER,36,,,,,,,,,,,,,,,,,,
M000770,VITAFARMA,36,,,,,,,,,,,,,,,,,,
M000547,INTERPHARMA,36,,,,,,,,,,,,,,,,,,
M000757,SYNTHON,36,,,,,,,,,,,,,,,,,,
17002,RECALCINE,36,,,,,,,,,,,,,,,,,,
M000743 / 21311,SYNTHON,36,,,,,,,,,,,,,,,,,,
M000800,VINILIT ,31,,,,,,,,,,,,,,,,,,
M000648,SAVAL,31,,,,,,,,,,,,,,,,,,
M000783,SAN ANDRES,31,,,,,,,,,,,,,,,,,,
M000785,ELANCO,31,,,,,,,,,,,,,,,,,,
M000798,SANDOZ,31,P007806,,,,,,,,,,,,,,,,,
M000799,SANDOZ,31,,,,,,,,,,,,,,,,,,
M000790,SPOT,31,,,,,,,,,,,,,,,,,,
M000788,SPOT,31,,,,,,,,,,,,,,,,,,
M000782,UNILEVER,31,,,,,,,,,,,,,,,,,,
M000789,SPOT,32,,,,,,,,,,,,,,,,,,
M000781,DAVIS,32,,,,,,,,,,,,,,,,,,
M000768,SANTA RITA,32,,,,,,,,,,,,,,,,,,
M000731,PETRIZZIO,32,,,,,,,,,,,,,,,,,,
M000775,FOTOMAR,32,,,,,,,,,,,,,,,,,,
M000779,VALMA,32,,,,,,,,,,,,,,,,,,
M000794,APOSTOLES,32,,,,,,,,,,,,,,,,,,
M000786,UNILEVER,32,,,,,,,,,,,,,,,,,,
M000791,VALMA,32,,,,,,,,,,,,,,,,,,
M000801,DENTAID VENTANA,32,,,,,,,,,,,,,,,,,,
M000803,BAGO,32,,,,,,,,,,,,,,,,,,
M000767,UNILEVER,32,,,,,,,,,,,,,,,,,,
M000762,UNILEVER,33,,,,,,,,,,,,,,,,,,
M000796,GADORPHARMA,33,,,,,,,,,,,,,,,,,,
M000821,UNILEVER,33,,,,,,,,,,,,,,,,,,
M000820,RECALCINE,33,,,,,,,,,,,,,,,,,,
M000074,PETRIZZIO,33,,,,,,,,,,,,,,,,,,
M000845,SYNTHON,37,,,,,,,,,,,,,,,,,,
M000460,MULTI X,37,,,,,,,,,,,,,,,,,,
M000839,RAVEPHARMA,37,,,,,,,,,,,,,,,,,,
M000841,CAROZZI,37,,,,,,,,,,,,,,,,,,
M000850,HH CHILE,37,,,,,,,,,,,,,,,,,,
M000842,CAROZZI,37,,,,,,,,,,,,,,,,,,
M000846,SYNTHON,37,,,,,,,,,,,,,,,,,,
M000840,CAROZZI,37,,,,,,,,,,,,,,,,,,
M000833,ELICINA,37,,,,,,,,,,,,,,,,,,
M000832,SANTA EMA,37,,,,,,,,,,,,,,,,,,
M000847,DOLE,37,,,,,,,,,,,,,,,,,,
M000824,DAVIS,37,,,,,,,,,,,,,,,,,,
M000812,ID LOGISTIC,37,,,,,,,,,,,,,,,,,,
M000778,AQUACHILE,37,P007712,,,,,,,,,,,,,,,,,
M000501,VIÑA LA ROSA,37,,,,,,,,,,,,,,,,,,
M000827,DAVIS,37,,,,,,,,,,,,,,,,,,
M000815,PETRIZZIO,37,,,,,,,,,,,,,,,,,,
M000811,VIÑA LA ROSA,37,,,,,,,,,,,,,,,,,,
M000828,SYNTHON,37,,,,,,,,,,,,,,,,,,
M000810,BIOSANO,37,,,,,,,,,,,,,,,,,,
M000813,BALERINA,30,,,,,,,,,,,,,,,,,,
M000822,PETRIZZIO,30,,,,,,,,,,,,,,,,,,
M000588,PETRIZZIO,30,P000887,,,,,,,,,,,,,,,,,
M000814,PRATER,30,,,,,,,,,,,,,,,,,,
M000805,PETRIZZIO,30,,,,,,,,,,,,,,,,,,
M000655,MULTIX,32,,,,,,,,,,,,,,,,,,
M000809,SPOT,32,,,,,,,,,,,,,,,,,,
M000389,MULTI X,49,,,,,,,,,,,,,,,,,,
M000895,SIEGFRIED,57,,,,,,,,,,,,,,,,,,
M000733,BLIGRAF,57,,,,,,,,,,,,,,,,,,
M000878,PEAKY  NUTS,57,,,,,,,,,,,,,,,,,,
M000863,ST ANDREWS,57,,,,,,,,,,,,,,,,,,
M000855,CALETA BAY,57,,,,,,,,,,,,,,,,,,
M000882,MULTI X,57,,,,,,,,,,,,,,,,,,
M000875,SYNTHON,57,,,,,,,,,,,,,,,,,,
M000883,MULTI X,57,,,,,,,,,,,,,,,,,,
M000888,PEAKY  NUTS,57,,,,,,,,,,,,,,,,,,
M000893,AQUACHILE,57,,,,,,,,,,,,,,,,,,
M000874,QUILLAYES,58,,,,,,,,,,,,,,,,,,
M000871,VIÑA MACUL,58,,,,,,,,,,,,,,,,,,
M000894,DOLE,58,,,,,,,,,,,,,,,,,,
M000793,BIOSANO,58,,,,,,,,,,,,,,,,,,
M000857,CALETA BAY,58,,,,,,,,,,,,,,,,,,
M000862,CREMARA,58,,,,,,,,,,,,,,,,,,
M000853,KNOP,58,,,,,,,,,,,,,,,,,,
M000854,LE VICE,58,,,,,,,,,,,,,,,,,,
M000869,RECALCINE,58,,,,,,,,,,,,,,,,,,
M000843,DAVIS,58,,,,,,,,,,,,,,,,,,
M000860,BLUE SHELL,58,,,,,,,,,,,,,,,,,,
M000851,MULTI X,58,,,,,,,,,,,,,,,,,,
M000858,DUCASE,58,,,,,,,,,,,,,,,,,,
M000877,ICB,58,,,,,,,,,,,,,,,,,,
M000872,CALETA BAY,58,,,,,,,,,,,,,,,,,,
M000887,CAROZZI X RETIRO,58,,,,,,,,,,,,,,,,,,
M000887,CAROZZI X TIRO,58,,,,,,,,,,,,,,,,,,
M000612,SANITAS,58,,,,,,,,,,,,,,,,,,
M000113,SYNTHON,54,,,,,,,,,,,,,,,,,,
M000492,SYNTHON,58,,,,,,,,,,,,,,,,,,
M000906,BLIGRAF,58,,,,,,,,,,,,,,,,,,
M000911,UNILEVER,58,,,,,,,,,,,,,,,,,,
M000898,MULTI X,58,,,,,,,,,,,,,,,,,,
M000902,DAVIS,58,,,,,,,,,,,,,,,,,,
M000896,ST ANDREWS,58,,,,,,,,,,,,,,,,,,
M000904,RECALCINE,58,,,,,,,,,,,,,,,,,,
M000889,SANTA EMA,58,,,,,,,,,,,,,,,,,,
M000886,KNOP,58,,,,,,,,,,,,,,,,,,
M000893,HH CHILE,58,,,,,,,,,,,,,,,,,,
M000591 / 20647,PETRIZZIO,41,,,,,,,,,,,,,,,,,,
M000941,PRATER,58,,,,,,,,,,,,,,,,,,
M00042,CALETA BAY,58,,,,,,,,,,,,,,,,,,
M000948,CAROZZI,58,,,,,,,,,,,,,,,,,,
M000937,PESQ. TRANSARTARTIC,58,,,,,,,,,,,,,,,,,,
M000948,CAROZZI RETIRO,58,,,,,,,,,,,,,,,,,,
M000945,HH CHILE,58,,,,,,,,,,,,,,,,,,
M000943,BLIGRAF,58,,,,,,,,,,,,,,,,,,
M000936,DAVIS,59,,,,,,,,,,,,,,,,,,
M000944,AG SERVICIOS,59,,,,,,,,,,,,,,,,,,
M000925,COLORBEL,59,,,,,,,,,,,,,,,,,,
M000929,SPOT,59,,,,,,,,,,,,,,,,,,
M000922,DAVIS,59,,,,,,,,,,,,,,,,,,
M000923,SPOT,59,,,,,,,,,,,,,,,,,,
M000924,BIOSANO,59,,,,,,,,,,,,,,,,,,
M000910,DAVIS,59,,,,,,,,,,,,,,,,,,
M000912,SUNSWEET,59,,,,,,,,,,,,,,,,,,
M000294 / 19771,CAROZZI,53,,,,,,,,,,,,,,,,,,
M000891,KNOP,32,,,,,,,,,,,,,,,,,,
M000939,SANTA RITA,57,,,,,,,,,,,,,,,,,,
M000970,ID LOGISTIC,33,,,,,,,,,,,,,,,,,,
M000946,PRATER,54,,,,,,,,,,,,,,,,,,
M000949,PETRIZZIO,54,,,,,,,,,,,,,,,,,,
M000950,CAROZZI,56,,,,,,,,,,,,,,,,,,
M000961,NOVARTIS,47,,,,,,,,,,,,,,,,,,
M000956,KNOP,54,,,,,,,,,,,,,,,,,,
M000880,MULTI X,57,,,,,,,,,,,,,,,,,,
M000930,MULTI X,59,,,,,,,,,,,,,,,,,,
M000974,ID LOGISTIC,36,,,,,,,,,,,,,,,,,,
M000984,SYNTHON,38,,,,,,,,,,,,,,,,,,
M000375,DENTAID,51,,,,,,,,,,,,,,,,,,
M000990,RECALCINE,38,,,,,,,,,,,,,,,,,,
M000972,ABBVIE,37,,,,,,,,,,,,,,,,,,
M000975,ID LOGISTIC,38,,,,,,,,,,,,,,,,,,
M000935,SAVAL,54,,,,,,,,,,,,,,,,,,
M000964,SYNTHON,25,,,,,,,,,,,,,,,,,,
M000966,PESQ. TRANSARTARTIC,21,,,,,,,,,,,,,,,,,,
M000968,CAROZZI,21,,,,,,,,,,,,,,,,,,
M000969,PRATER,21,,,,,,,,,,,,,,,,,,
M000255,PETRIZZIO,21,,,,,,,,,,,,,,,,,,
M000978,KNOP,35,,,,,,,,,,,,,,,,,,
M000965,PESQ. TRANSARTARTIC,38,,,,,,,,,,,,,,,,,,
M000971,BLUE SHELL,38,,,,,,,,,,,,,,,,,,
15878,BAGO,28,,,,,,,,,,,,,,,,,,
M000122,DENTAID,,AL LADO DEL RACK 51 Y EL EXTINTOR,,,,,,,,,,,,,,,,,
M00983,AQUACHILE,28,,,,,,,,,,,,,,,,,,
M000985,SPOT,28,,,,,,,,,,,,,,,,,,
M000979,COLORBEL,28,,,,,,,,,,,,,,,,,,
M000974,MULTI X,35,,,,,,,,,,,,,,,,,,
M000930,MULTI X,35,,,,,,,,,,,,,,,,,,
M000986,SPOT,34,,,,,,,,,,,,,,,,,,
M000993,BIOSANO,34,,,,,,,,,,,,,,,,,,
M000981,PETRIZZIO,34,,,,,,,,,,,,,,,,,,
M000982,AQUACHILE,34,,,,,,,,,,,,,,,,,,
M000992,MULTI X,36,,,,,,,,,,,,,,,,,,
M000989,AQUACHILE,36,,,,,,,,,,,,,,,,,,
M000997,DAVIS,36,,,,,,,,,,,,,,,,,,
M000988,AQUACHILE,38,,,,,,,,,,,,,,,,,,
M001001,SYNTHON,38,,,,,,,,,,,,,,,,,,
M001008,SAVAL,38,,,,,,,,,,,,,,,,,,
M001035,SANTA CAROLINA ,45,,,,,,,,,,,,,,,,,,
M001023,PETRIZZIO,45,,,,,,,,,,,,,,,,,,
22570,SAVAL,36,,,,,,,,,,,,,,,,,,
M001022,LOS LAGOS,36,,,,,,,,,,,,,,,,,,
M001000,DAVIS,36,,,,,,,,,,,,,,,,,,
M001030,SYNTHON,39,,,,,,,,,,,,,,,,,,
M001019,MULTI X,39,,,,,,,,,,,,,,,,,,
M001017,UNILEVER,45,,,,,,,,,,,,,,,,,,
M001015,FRIMA,45,,,,,,,,,,,,,,,,,,
M001007,COLORBEL,47,,,,,,,,,,,,,,,,,,
M001012,DAVIS,55,,,,,,,,,,,,,,,,,,
M001016,CAROZZI,56,,,,,,,,,,,,,,,,,,
M001014,AXO PHARMA ,,ENTRE EL 50 Y EL EXINTOR,,,,,,,,,,,,,,,,,
M001006,DAVIS,36,,,,,,,,,,,,,,,,,,
M001003,RECALCINE,35,,,,,,,,,,,,,,,,,,
M001010,BAGO,25,,,,,,,,,,,,,,,,,,
M001005,SYNTHON,34,,,,,,,,,,,,,,,,,,
M001020,FRIMA,8B,,,,,,,,,,,,,,,,,,
M001037,CAROZZI,8B,,,,,,,,,,,,,,,,,,